customer_id,signup_date,acquisition_channel,acquisition_month,frequency,monetary,last_order_date,recency_days,segment
1,2025-01-26,Influencer - Macro,2025-01,1,29.58,2025-01-26,354,One-and-Done
2,2025-01-05,Influencer - Macro,2025-01,1,34.69,2025-01-06,374,One-and-Done
3,2025-01-17,Influencer - Macro,2025-01,3,102.12,2025-06-08,221,At Risk
4,2025-01-01,Influencer - Micro,2025-01,1,41.38,2025-01-03,377,One-and-Done
5,2025-01-23,Influencer - Macro,2025-01,1,24.68,2025-01-25,355,One-and-Done
6,2025-01-27,Paid Social,2025-01,1,38.03,2025-01-27,353,One-and-Done
7,2025-01-08,Paid Social,2025-01,1,21.26,2025-01-10,370,One-and-Done
8,2025-01-24,Influencer - Macro,2025-01,1,29.35,2025-01-25,355,One-and-Done
9,2025-01-29,Paid Social,2025-01,1,31.53,2025-01-30,350,One-and-Done
10,2025-01-09,Paid Social,2025-01,1,42.65,2025-01-10,370,One-and-Done
11,2025-01-31,Influencer - Macro,2025-01,3,121.34,2025-06-13,216,At Risk
12,2025-01-29,Influencer - Macro,2025-01,4,138.33,2025-07-01,198,At Risk
13,2025-01-06,Influencer - Micro,2025-01,2,69.1,2025-03-25,296,At Risk
14,2025-01-25,Influencer - Macro,2025-01,2,82.14,2025-04-25,265,At Risk
15,2025-01-08,Influencer - Macro,2025-01,1,28.18,2025-01-10,370,One-and-Done
16,2025-01-13,Influencer - Macro,2025-01,1,26.44,2025-01-15,365,One-and-Done
17,2025-01-17,Paid Social,2025-01,2,75.96000000000001,2025-02-28,321,At Risk
18,2025-01-08,Influencer - Micro,2025-01,1,29.64,2025-01-10,370,One-and-Done
19,2025-01-20,Paid Social,2025-01,2,67.46000000000001,2025-04-16,274,At Risk
20,2025-01-17,Paid Social,2025-01,1,30.82,2025-01-19,361,One-and-Done
21,2025-01-15,Influencer - Macro,2025-01,1,30.14,2025-01-15,365,One-and-Done
22,2025-01-09,Influencer - Micro,2025-01,2,81.82,2025-03-12,309,At Risk
23,2025-01-14,Influencer - Macro,2025-01,2,66.24,2025-04-08,282,At Risk
24,2025-01-30,Influencer - Macro,2025-01,1,34.2,2025-02-01,348,One-and-Done
25,2025-01-11,Influencer - Micro,2025-01,1,36.14,2025-01-12,368,One-and-Done
26,2025-01-21,Influencer - Macro,2025-01,1,28.51,2025-01-23,357,One-and-Done
27,2025-01-20,Influencer - Micro,2025-01,1,35.91,2025-01-20,360,One-and-Done
28,2025-01-07,Paid Social,2025-01,3,120.38,2025-05-04,256,At Risk
29,2025-01-30,Influencer - Micro,2025-01,1,39.56,2025-01-30,350,One-and-Done
30,2025-01-25,Influencer - Micro,2025-01,3,87.72,2025-06-27,202,At Risk
31,2025-01-20,Influencer - Micro,2025-01,1,20.54,2025-01-20,360,One-and-Done
32,2025-01-18,Influencer - Macro,2025-01,1,34.07,2025-01-20,360,One-and-Done
33,2025-01-24,Influencer - Macro,2025-01,3,96.63,2025-06-11,218,At Risk
34,2025-01-21,Influencer - Macro,2025-01,1,37.34,2025-01-21,359,One-and-Done
35,2025-01-21,Influencer - Macro,2025-01,1,33.35,2025-01-23,357,One-and-Done
36,2025-01-24,Influencer - Macro,2025-01,2,73.24,2025-03-23,298,At Risk
37,2025-01-23,Paid Social,2025-01,1,39.41,2025-01-24,356,One-and-Done
38,2025-01-30,Influencer - Macro,2025-01,1,33.01,2025-02-01,348,One-and-Done
39,2025-01-05,Influencer - Macro,2025-01,1,38.64,2025-01-06,374,One-and-Done
40,2025-01-27,Influencer - Macro,2025-01,1,34.77,2025-01-29,351,One-and-Done
41,2025-01-28,Influencer - Macro,2025-01,1,21.98,2025-01-29,351,One-and-Done
42,2025-01-02,Influencer - Micro,2025-01,1,32.54,2025-01-04,376,One-and-Done
43,2025-01-23,Influencer - Micro,2025-01,1,25.74,2025-01-25,355,One-and-Done
44,2025-01-10,Paid Social,2025-01,1,34.2,2025-01-11,369,One-and-Done
45,2025-01-23,Influencer - Micro,2025-01,1,24.94,2025-01-25,355,One-and-Done
46,2025-01-02,Influencer - Macro,2025-01,1,29.64,2025-01-04,376,One-and-Done
47,2025-01-02,Paid Social,2025-01,2,71.87,2025-03-20,301,At Risk
48,2025-01-28,Influencer - Macro,2025-01,2,66.62,2025-03-17,304,At Risk
49,2025-01-29,Influencer - Macro,2025-01,2,59.629999999999995,2025-04-24,266,At Risk
50,2025-01-19,Influencer - Macro,2025-01,1,28.61,2025-01-19,361,One-and-Done
51,2025-01-27,Paid Social,2025-01,1,32.99,2025-01-29,351,One-and-Done
52,2025-01-29,Influencer - Macro,2025-01,2,67.06,2025-04-27,263,At Risk
53,2025-01-17,Influencer - Macro,2025-01,2,58.480000000000004,2025-04-12,278,At Risk
54,2025-01-23,Influencer - Micro,2025-01,1,40.6,2025-01-23,357,One-and-Done
55,2025-01-23,Influencer - Macro,2025-01,2,62.010000000000005,2025-03-07,314,At Risk
56,2025-01-13,Influencer - Micro,2025-01,2,61.04,2025-03-14,307,At Risk
57,2025-01-31,Influencer - Macro,2025-01,2,77.56,2025-04-16,274,At Risk
58,2025-01-13,Influencer - Macro,2025-01,1,37.34,2025-01-14,366,One-and-Done
59,2025-01-14,Influencer - Macro,2025-01,1,33.92,2025-01-16,364,One-and-Done
60,2025-01-22,Influencer - Micro,2025-01,2,78.72,2025-04-26,264,At Risk
61,2025-01-05,Influencer - Macro,2025-01,1,33.67,2025-01-06,374,One-and-Done
62,2025-01-14,Influencer - Macro,2025-01,2,51.39,2025-03-19,302,At Risk
63,2025-01-29,Influencer - Macro,2025-01,1,30.53,2025-01-29,351,One-and-Done
64,2025-01-05,Organic & Referral,2025-01,1,27.19,2025-01-05,375,One-and-Done
65,2025-01-19,Organic & Referral,2025-01,1,30.58,2025-01-21,359,One-and-Done
66,2025-01-20,Influencer - Micro,2025-01,1,30.3,2025-01-20,360,One-and-Done
67,2025-01-07,Influencer - Macro,2025-01,1,32.03,2025-01-08,372,One-and-Done
68,2025-01-30,Organic & Referral,2025-01,1,39.17,2025-01-31,349,One-and-Done
69,2025-01-04,Paid Social,2025-01,1,31.72,2025-01-06,374,One-and-Done
70,2025-01-09,Paid Social,2025-01,1,34.15,2025-01-11,369,One-and-Done
71,2025-01-12,Influencer - Macro,2025-01,2,73.26,2025-04-10,280,At Risk
72,2025-01-27,Influencer - Macro,2025-01,1,30.46,2025-01-28,352,One-and-Done
73,2025-01-11,Influencer - Macro,2025-01,1,30.32,2025-01-11,369,One-and-Done
74,2025-01-24,Organic & Referral,2025-01,3,103.24000000000001,2025-06-29,200,At Risk
75,2025-01-12,Influencer - Macro,2025-01,1,29.2,2025-01-13,367,One-and-Done
76,2025-01-24,Influencer - Macro,2025-01,1,30.51,2025-01-24,356,One-and-Done
77,2025-01-22,Influencer - Macro,2025-01,1,35.95,2025-01-23,357,One-and-Done
78,2025-01-01,Influencer - Micro,2025-01,1,28.56,2025-01-02,378,One-and-Done
79,2025-01-06,Influencer - Macro,2025-01,1,27.15,2025-01-08,372,One-and-Done
80,2025-01-31,Paid Social,2025-01,1,31.04,2025-02-02,347,One-and-Done
81,2025-01-31,Paid Social,2025-01,1,39.28,2025-02-02,347,One-and-Done
82,2025-01-13,Paid Social,2025-01,2,70.17,2025-03-17,304,At Risk
83,2025-01-30,Influencer - Macro,2025-01,2,67.06,2025-03-21,300,At Risk
84,2025-01-16,Influencer - Micro,2025-01,1,23.57,2025-01-16,364,One-and-Done
85,2025-01-03,Influencer - Micro,2025-01,1,31.1,2025-01-05,375,One-and-Done
86,2025-01-20,Influencer - Micro,2025-01,2,73.26,2025-04-13,277,At Risk
87,2025-01-29,Influencer - Macro,2025-01,1,34.78,2025-01-31,349,One-and-Done
88,2025-01-22,Influencer - Macro,2025-01,1,31.56,2025-01-24,356,One-and-Done
89,2025-01-10,Influencer - Macro,2025-01,1,26.84,2025-01-11,369,One-and-Done
90,2025-01-19,Influencer - Macro,2025-01,2,67.44,2025-03-02,319,At Risk
91,2025-01-13,Influencer - Macro,2025-01,2,71.53999999999999,2025-03-04,317,At Risk
92,2025-01-22,Influencer - Macro,2025-01,1,32.94,2025-01-23,357,One-and-Done
93,2025-01-18,Influencer - Macro,2025-01,1,33.31,2025-01-18,362,One-and-Done
94,2025-01-17,Influencer - Micro,2025-01,1,24.73,2025-01-18,362,One-and-Done
95,2025-01-28,Influencer - Macro,2025-01,1,30.74,2025-01-29,351,One-and-Done
96,2025-01-16,Organic & Referral,2025-01,1,26.22,2025-01-18,362,One-and-Done
97,2025-01-15,Influencer - Micro,2025-01,1,35.57,2025-01-17,363,One-and-Done
98,2025-01-26,Influencer - Macro,2025-01,1,27.81,2025-01-27,353,One-and-Done
99,2025-01-13,Influencer - Micro,2025-01,3,85.44,2025-06-29,200,At Risk
100,2025-01-28,Influencer - Macro,2025-01,1,33.21,2025-01-30,350,One-and-Done
101,2025-01-08,Organic & Referral,2025-01,2,61.29,2025-03-02,319,At Risk
102,2025-01-18,Influencer - Macro,2025-01,1,34.24,2025-01-19,361,One-and-Done
103,2025-01-26,Paid Social,2025-01,1,26.83,2025-01-28,352,One-and-Done
104,2025-01-02,Influencer - Macro,2025-01,1,34.23,2025-01-04,376,One-and-Done
105,2025-01-23,Influencer - Macro,2025-01,2,67.89,2025-04-15,275,At Risk
106,2025-01-08,Influencer - Macro,2025-01,1,32.16,2025-01-10,370,One-and-Done
107,2025-01-09,Organic & Referral,2025-01,3,100.06,2025-06-27,202,At Risk
108,2025-01-25,Influencer - Micro,2025-01,1,29.97,2025-01-27,353,One-and-Done
109,2025-01-14,Influencer - Macro,2025-01,1,30.57,2025-01-15,365,One-and-Done
110,2025-01-27,Influencer - Macro,2025-01,1,34.9,2025-01-27,353,One-and-Done
111,2025-01-14,Influencer - Macro,2025-01,1,35.5,2025-01-16,364,One-and-Done
112,2025-01-20,Influencer - Micro,2025-01,2,55.93,2025-03-07,314,At Risk
113,2025-01-18,Influencer - Macro,2025-01,3,125.17,2025-06-17,212,At Risk
114,2025-01-07,Influencer - Macro,2025-01,1,38.06,2025-01-09,371,One-and-Done
115,2025-01-20,Paid Social,2025-01,1,31.91,2025-01-22,358,One-and-Done
116,2025-01-30,Paid Social,2025-01,1,31.59,2025-02-01,348,One-and-Done
117,2025-01-09,Influencer - Macro,2025-01,1,34.41,2025-01-10,370,One-and-Done
118,2025-01-11,Influencer - Micro,2025-01,1,35.92,2025-01-13,367,One-and-Done
119,2025-01-24,Influencer - Macro,2025-01,1,25.42,2025-01-24,356,One-and-Done
120,2025-01-10,Influencer - Micro,2025-01,1,43.91,2025-01-10,370,One-and-Done
121,2025-01-05,Influencer - Macro,2025-01,1,31.17,2025-01-05,375,One-and-Done
122,2025-01-25,Influencer - Micro,2025-01,1,38.26,2025-01-27,353,One-and-Done
123,2025-01-15,Paid Social,2025-01,1,29.5,2025-01-15,365,One-and-Done
124,2025-01-26,Paid Social,2025-01,2,69.2,2025-03-18,303,At Risk
125,2025-01-25,Influencer - Macro,2025-01,4,118.67999999999999,2025-10-30,77,VIP Glow Girls
126,2025-01-15,Organic & Referral,2025-01,2,69.15,2025-02-26,323,At Risk
127,2025-01-14,Influencer - Macro,2025-01,1,34.79,2025-01-14,366,One-and-Done
128,2025-01-08,Influencer - Macro,2025-01,2,67.86,2025-03-12,309,At Risk
129,2025-01-27,Influencer - Micro,2025-01,1,24.18,2025-01-27,353,One-and-Done
130,2025-01-16,Influencer - Macro,2025-01,2,69.66,2025-04-09,281,At Risk
131,2025-01-29,Paid Social,2025-01,1,27.39,2025-01-30,350,One-and-Done
132,2025-01-24,Paid Social,2025-01,2,74.53,2025-04-01,289,At Risk
133,2025-01-15,Influencer - Macro,2025-01,1,31.06,2025-01-16,364,One-and-Done
134,2025-01-02,Organic & Referral,2025-01,2,62.17,2025-02-11,338,At Risk
135,2025-01-15,Influencer - Macro,2025-01,1,37.94,2025-01-15,365,One-and-Done
136,2025-01-22,Influencer - Micro,2025-01,1,32.5,2025-01-24,356,One-and-Done
137,2025-01-17,Influencer - Macro,2025-01,1,34.58,2025-01-18,362,One-and-Done
138,2025-01-31,Organic & Referral,2025-01,1,32.06,2025-02-02,347,One-and-Done
139,2025-01-18,Influencer - Macro,2025-01,1,42.24,2025-01-19,361,One-and-Done
140,2025-01-03,Influencer - Macro,2025-01,1,27.4,2025-01-04,376,One-and-Done
141,2025-01-17,Influencer - Macro,2025-01,3,112.69,2025-05-29,231,At Risk
142,2025-01-12,Organic & Referral,2025-01,1,29.22,2025-01-12,368,One-and-Done
143,2025-01-27,Paid Social,2025-01,1,40.64,2025-01-29,351,One-and-Done
144,2025-01-04,Paid Social,2025-01,2,68.19,2025-03-29,292,At Risk
145,2025-01-05,Paid Social,2025-01,2,61.010000000000005,2025-03-15,306,At Risk
146,2025-01-18,Paid Social,2025-01,1,32.06,2025-01-19,361,One-and-Done
147,2025-01-03,Influencer - Micro,2025-01,1,30.99,2025-01-05,375,One-and-Done
148,2025-01-06,Influencer - Macro,2025-01,1,28.27,2025-01-06,374,One-and-Done
149,2025-01-05,Paid Social,2025-01,1,33.96,2025-01-05,375,One-and-Done
150,2025-01-06,Influencer - Micro,2025-01,2,73.21,2025-04-02,288,At Risk
151,2025-01-28,Influencer - Macro,2025-01,1,33.72,2025-01-28,352,One-and-Done
152,2025-01-18,Influencer - Macro,2025-01,1,37.5,2025-01-19,361,One-and-Done
153,2025-01-23,Paid Social,2025-01,1,30.4,2025-01-25,355,One-and-Done
154,2025-01-31,Influencer - Macro,2025-01,1,29.11,2025-02-02,347,One-and-Done
155,2025-01-01,Organic & Referral,2025-01,1,28.86,2025-01-02,378,One-and-Done
156,2025-01-13,Influencer - Macro,2025-01,3,91.41,2025-06-01,228,At Risk
157,2025-01-07,Influencer - Macro,2025-01,1,32.15,2025-01-09,371,One-and-Done
158,2025-01-23,Paid Social,2025-01,1,38.07,2025-01-24,356,One-and-Done
159,2025-01-17,Influencer - Macro,2025-01,2,73.53,2025-04-11,279,At Risk
160,2025-01-27,Influencer - Macro,2025-01,2,64.35,2025-04-02,288,At Risk
161,2025-01-24,Influencer - Micro,2025-01,1,40.77,2025-01-26,354,One-and-Done
162,2025-01-12,Paid Social,2025-01,1,33.83,2025-01-13,367,One-and-Done
163,2025-01-13,Influencer - Macro,2025-01,1,28.46,2025-01-14,366,One-and-Done
164,2025-01-19,Influencer - Macro,2025-01,2,65.74,2025-04-21,269,At Risk
165,2025-01-24,Paid Social,2025-01,1,33.68,2025-01-24,356,One-and-Done
166,2025-01-02,Organic & Referral,2025-01,2,70.97999999999999,2025-02-22,327,At Risk
167,2025-01-04,Influencer - Micro,2025-01,2,69.72,2025-03-01,320,At Risk
168,2025-01-15,Influencer - Macro,2025-01,1,33.39,2025-01-15,365,One-and-Done
169,2025-01-03,Influencer - Macro,2025-01,1,32.32,2025-01-05,375,One-and-Done
170,2025-01-28,Influencer - Macro,2025-01,2,67.77,2025-03-26,295,At Risk
171,2025-01-24,Influencer - Macro,2025-01,1,26.44,2025-01-24,356,One-and-Done
172,2025-01-31,Influencer - Micro,2025-01,3,97.85,2025-06-08,221,At Risk
173,2025-01-27,Influencer - Macro,2025-01,2,74.49,2025-03-18,303,At Risk
174,2025-01-17,Influencer - Micro,2025-01,2,71.00999999999999,2025-04-14,276,At Risk
175,2025-01-13,Influencer - Micro,2025-01,4,131.46,2025-06-28,201,At Risk
176,2025-01-06,Influencer - Micro,2025-01,1,36.94,2025-01-06,374,One-and-Done
177,2025-01-18,Influencer - Macro,2025-01,1,27.19,2025-01-20,360,One-and-Done
178,2025-01-23,Paid Social,2025-01,2,59.32,2025-03-06,315,At Risk
179,2025-01-30,Paid Social,2025-01,1,41.41,2025-01-30,350,One-and-Done
180,2025-01-17,Paid Social,2025-01,2,66.88,2025-03-28,293,At Risk
181,2025-02-10,Paid Social,2025-02,1,36.87,2025-02-10,339,One-and-Done
182,2025-02-13,Organic & Referral,2025-02,2,67.45,2025-04-17,273,At Risk
183,2025-02-26,Influencer - Macro,2025-02,1,25.79,2025-02-28,321,One-and-Done
184,2025-02-28,Paid Social,2025-02,1,44.23,2025-02-28,321,One-and-Done
185,2025-02-22,Influencer - Macro,2025-02,2,69.46000000000001,2025-04-18,272,At Risk
186,2025-02-11,Influencer - Micro,2025-02,1,39.27,2025-02-12,337,One-and-Done
187,2025-02-09,Influencer - Macro,2025-02,2,67.50999999999999,2025-03-25,296,At Risk
188,2025-02-10,Influencer - Macro,2025-02,2,65.64,2025-03-29,292,At Risk
189,2025-02-09,Organic & Referral,2025-02,2,65.61,2025-04-12,278,At Risk
190,2025-02-18,Influencer - Micro,2025-02,1,31.24,2025-02-19,330,One-and-Done
191,2025-02-02,Paid Social,2025-02,1,32.55,2025-02-02,347,One-and-Done
192,2025-02-08,Paid Social,2025-02,2,58.620000000000005,2025-03-27,294,At Risk
193,2025-02-07,Influencer - Micro,2025-02,1,35.97,2025-02-08,341,One-and-Done
194,2025-02-01,Paid Social,2025-02,2,79.97,2025-04-21,269,At Risk
195,2025-02-21,Influencer - Macro,2025-02,2,74.19,2025-04-27,263,At Risk
196,2025-02-10,Organic & Referral,2025-02,1,25.22,2025-02-12,337,One-and-Done
197,2025-02-27,Organic & Referral,2025-02,1,36.2,2025-02-28,321,One-and-Done
198,2025-02-21,Paid Social,2025-02,1,26.24,2025-02-23,326,One-and-Done
199,2025-02-08,Paid Social,2025-02,5,178.17000000000002,2025-09-08,129,At Risk
200,2025-02-10,Influencer - Macro,2025-02,1,30.78,2025-02-10,339,One-and-Done
201,2025-02-08,Organic & Referral,2025-02,1,30.68,2025-02-10,339,One-and-Done
202,2025-02-02,Influencer - Micro,2025-02,1,31.18,2025-02-02,347,One-and-Done
203,2025-02-17,Influencer - Macro,2025-02,1,32.19,2025-02-17,332,One-and-Done
204,2025-02-16,Influencer - Micro,2025-02,2,73.33000000000001,2025-04-21,269,At Risk
205,2025-02-07,Paid Social,2025-02,2,76.47999999999999,2025-03-27,294,At Risk
206,2025-02-02,Paid Social,2025-02,2,77.0,2025-05-08,252,At Risk
207,2025-02-19,Paid Social,2025-02,1,39.36,2025-02-19,330,One-and-Done
208,2025-02-25,Paid Social,2025-02,1,26.06,2025-02-26,323,One-and-Done
209,2025-02-06,Influencer - Macro,2025-02,1,24.46,2025-02-08,341,One-and-Done
210,2025-02-09,Organic & Referral,2025-02,1,44.29,2025-02-11,338,One-and-Done
211,2025-02-16,Influencer - Micro,2025-02,1,30.18,2025-02-17,332,One-and-Done
212,2025-02-01,Paid Social,2025-02,1,31.42,2025-02-02,347,One-and-Done
213,2025-02-14,Influencer - Macro,2025-02,1,24.0,2025-02-14,335,One-and-Done
214,2025-02-22,Organic & Referral,2025-02,1,33.83,2025-02-22,327,One-and-Done
215,2025-02-11,Influencer - Micro,2025-02,1,36.27,2025-02-11,338,One-and-Done
216,2025-02-09,Influencer - Macro,2025-02,2,66.05,2025-03-26,295,At Risk
217,2025-02-22,Paid Social,2025-02,1,31.3,2025-02-22,327,One-and-Done
218,2025-02-24,Influencer - Macro,2025-02,3,108.92,2025-06-14,215,At Risk
219,2025-02-25,Influencer - Macro,2025-02,1,25.39,2025-02-25,324,One-and-Done
220,2025-02-15,Paid Social,2025-02,1,31.49,2025-02-15,334,One-and-Done
221,2025-02-06,Influencer - Micro,2025-02,2,66.23,2025-04-15,275,At Risk
222,2025-02-11,Organic & Referral,2025-02,1,31.07,2025-02-12,337,One-and-Done
223,2025-02-06,Influencer - Micro,2025-02,3,83.34,2025-05-14,246,At Risk
224,2025-02-24,Paid Social,2025-02,2,75.05,2025-05-05,255,At Risk
225,2025-02-14,Paid Social,2025-02,1,34.8,2025-02-16,333,One-and-Done
226,2025-02-26,Paid Social,2025-02,1,26.39,2025-02-26,323,One-and-Done
227,2025-02-15,Paid Social,2025-02,1,20.58,2025-02-16,333,One-and-Done
228,2025-02-23,Paid Social,2025-02,3,111.41,2025-07-07,192,At Risk
229,2025-02-17,Organic & Referral,2025-02,2,62.88,2025-05-13,247,At Risk
230,2025-02-18,Influencer - Micro,2025-02,1,24.2,2025-02-20,329,One-and-Done
231,2025-02-11,Influencer - Macro,2025-02,1,28.02,2025-02-13,336,One-and-Done
232,2025-02-16,Paid Social,2025-02,1,28.86,2025-02-17,332,One-and-Done
233,2025-02-16,Organic & Referral,2025-02,2,82.7,2025-04-17,273,At Risk
234,2025-02-25,Influencer - Macro,2025-02,1,29.76,2025-02-25,324,One-and-Done
235,2025-02-15,Influencer - Micro,2025-02,1,27.82,2025-02-15,334,One-and-Done
236,2025-02-06,Organic & Referral,2025-02,2,68.72,2025-04-24,266,At Risk
237,2025-02-27,Paid Social,2025-02,2,77.84,2025-05-11,249,At Risk
238,2025-02-03,Organic & Referral,2025-02,1,37.97,2025-02-03,346,One-and-Done
239,2025-02-07,Paid Social,2025-02,2,64.02,2025-04-20,270,At Risk
240,2025-02-23,Paid Social,2025-02,1,36.12,2025-02-25,324,One-and-Done
241,2025-02-11,Influencer - Micro,2025-02,1,30.03,2025-02-13,336,One-and-Done
242,2025-02-05,Organic & Referral,2025-02,1,36.23,2025-02-05,344,One-and-Done
243,2025-02-16,Influencer - Micro,2025-02,1,26.21,2025-02-18,331,One-and-Done
244,2025-02-24,Paid Social,2025-02,1,21.58,2025-02-26,323,One-and-Done
245,2025-02-25,Influencer - Micro,2025-02,1,30.74,2025-02-26,323,One-and-Done
246,2025-02-14,Paid Social,2025-02,1,38.16,2025-02-16,333,One-and-Done
247,2025-02-18,Paid Social,2025-02,1,26.1,2025-02-18,331,One-and-Done
248,2025-02-12,Paid Social,2025-02,1,34.02,2025-02-12,337,One-and-Done
249,2025-02-24,Organic & Referral,2025-02,1,30.99,2025-02-26,323,One-and-Done
250,2025-02-25,Influencer - Micro,2025-02,2,70.59,2025-05-02,258,At Risk
251,2025-02-23,Paid Social,2025-02,1,33.14,2025-02-24,325,One-and-Done
252,2025-02-27,Influencer - Micro,2025-02,3,90.05,2025-06-29,200,At Risk
253,2025-02-07,Influencer - Micro,2025-02,2,93.56,2025-04-22,268,At Risk
254,2025-02-19,Influencer - Micro,2025-02,2,66.98,2025-04-24,266,At Risk
255,2025-02-14,Influencer - Macro,2025-02,1,33.63,2025-02-16,333,One-and-Done
256,2025-02-16,Influencer - Macro,2025-02,3,100.03,2025-07-14,185,At Risk
257,2025-02-27,Paid Social,2025-02,1,30.12,2025-02-27,322,One-and-Done
258,2025-02-25,Paid Social,2025-02,1,30.73,2025-02-26,323,One-and-Done
259,2025-02-28,Paid Social,2025-02,1,23.33,2025-02-28,321,One-and-Done
260,2025-02-23,Influencer - Macro,2025-02,1,33.88,2025-02-23,326,One-and-Done
261,2025-02-06,Influencer - Micro,2025-02,1,38.23,2025-02-06,343,One-and-Done
262,2025-02-16,Influencer - Macro,2025-02,1,36.15,2025-02-18,331,One-and-Done
263,2025-02-11,Paid Social,2025-02,1,31.88,2025-02-13,336,One-and-Done
264,2025-02-09,Organic & Referral,2025-02,1,32.89,2025-02-10,339,One-and-Done
265,2025-02-07,Influencer - Macro,2025-02,1,38.13,2025-02-09,340,One-and-Done
266,2025-02-13,Paid Social,2025-02,1,31.18,2025-02-14,335,One-and-Done
267,2025-02-06,Influencer - Macro,2025-02,2,68.75,2025-04-19,271,At Risk
268,2025-02-22,Influencer - Micro,2025-02,2,54.06,2025-05-08,252,At Risk
269,2025-02-23,Influencer - Macro,2025-02,1,31.09,2025-02-23,326,One-and-Done
270,2025-02-25,Influencer - Micro,2025-02,3,111.13,2025-06-14,215,At Risk
271,2025-02-08,Paid Social,2025-02,1,31.96,2025-02-09,340,One-and-Done
272,2025-02-15,Organic & Referral,2025-02,1,43.15,2025-02-17,332,One-and-Done
273,2025-02-18,Influencer - Macro,2025-02,2,80.81,2025-04-26,264,At Risk
274,2025-02-07,Paid Social,2025-02,1,30.91,2025-02-09,340,One-and-Done
275,2025-02-11,Paid Social,2025-02,1,39.01,2025-02-12,337,One-and-Done
276,2025-02-06,Organic & Referral,2025-02,4,132.67,2025-10-11,96,VIP Glow Girls
277,2025-02-01,Paid Social,2025-02,1,29.8,2025-02-02,347,One-and-Done
278,2025-02-03,Influencer - Micro,2025-02,1,37.6,2025-02-04,345,One-and-Done
279,2025-02-28,Paid Social,2025-02,1,25.05,2025-02-28,321,One-and-Done
280,2025-02-21,Influencer - Micro,2025-02,1,33.45,2025-02-22,327,One-and-Done
281,2025-02-01,Organic & Referral,2025-02,1,30.47,2025-02-02,347,One-and-Done
282,2025-02-21,Influencer - Micro,2025-02,1,34.55,2025-02-21,328,One-and-Done
283,2025-02-21,Paid Social,2025-02,1,39.34,2025-02-23,326,One-and-Done
284,2025-02-06,Influencer - Macro,2025-02,1,32.45,2025-02-08,341,One-and-Done
285,2025-02-13,Influencer - Micro,2025-02,1,36.81,2025-02-14,335,One-and-Done
286,2025-02-20,Organic & Referral,2025-02,1,34.3,2025-02-21,328,One-and-Done
287,2025-02-11,Paid Social,2025-02,1,25.57,2025-02-12,337,One-and-Done
288,2025-02-15,Influencer - Micro,2025-02,2,59.08,2025-04-17,273,At Risk
289,2025-02-06,Organic & Referral,2025-02,3,97.15,2025-06-30,199,At Risk
290,2025-02-06,Organic & Referral,2025-02,1,33.65,2025-02-06,343,One-and-Done
291,2025-03-28,Influencer - Micro,2025-03,1,32.15,2025-03-30,291,One-and-Done
292,2025-03-07,Paid Social,2025-03,1,33.73,2025-03-08,313,One-and-Done
293,2025-03-31,Paid Social,2025-03,2,70.03,2025-06-09,220,At Risk
294,2025-03-05,Influencer - Macro,2025-03,2,64.39,2025-05-16,244,At Risk
295,2025-03-13,Influencer - Micro,2025-03,1,28.35,2025-03-14,307,One-and-Done
296,2025-03-20,Influencer - Micro,2025-03,1,33.6,2025-03-20,301,One-and-Done
297,2025-03-13,Influencer - Macro,2025-03,1,26.66,2025-03-13,308,One-and-Done
298,2025-03-08,Paid Social,2025-03,1,38.32,2025-03-10,311,One-and-Done
299,2025-03-04,Paid Social,2025-03,1,38.79,2025-03-04,317,One-and-Done
300,2025-03-06,Influencer - Macro,2025-03,1,30.91,2025-03-06,315,One-and-Done
301,2025-03-25,Paid Social,2025-03,1,30.74,2025-03-26,295,One-and-Done
302,2025-03-09,Paid Social,2025-03,1,28.61,2025-03-09,312,One-and-Done
303,2025-03-05,Paid Social,2025-03,1,23.12,2025-03-07,314,One-and-Done
304,2025-03-07,Organic & Referral,2025-03,1,34.89,2025-03-07,314,One-and-Done
305,2025-03-02,Paid Social,2025-03,1,37.88,2025-03-03,318,One-and-Done
306,2025-03-25,Organic & Referral,2025-03,2,58.53,2025-06-20,209,At Risk
307,2025-03-17,Influencer - Micro,2025-03,1,27.85,2025-03-17,304,One-and-Done
308,2025-03-19,Paid Social,2025-03,1,33.42,2025-03-19,302,One-and-Done
309,2025-03-04,Influencer - Micro,2025-03,1,36.87,2025-03-06,315,One-and-Done
310,2025-03-06,Paid Social,2025-03,1,24.64,2025-03-07,314,One-and-Done
311,2025-03-05,Paid Social,2025-03,2,66.02,2025-06-09,220,At Risk
312,2025-03-08,Influencer - Micro,2025-03,1,31.11,2025-03-09,312,One-and-Done
313,2025-03-19,Paid Social,2025-03,1,38.36,2025-03-21,300,One-and-Done
314,2025-03-29,Influencer - Micro,2025-03,2,69.15,2025-06-14,215,At Risk
315,2025-03-01,Influencer - Micro,2025-03,1,32.64,2025-03-03,318,One-and-Done
316,2025-03-13,Influencer - Macro,2025-03,1,31.49,2025-03-14,307,One-and-Done
317,2025-03-03,Paid Social,2025-03,1,28.52,2025-03-05,316,One-and-Done
318,2025-03-20,Influencer - Micro,2025-03,1,33.41,2025-03-22,299,One-and-Done
319,2025-03-19,Paid Social,2025-03,1,24.01,2025-03-20,301,One-and-Done
320,2025-03-25,Influencer - Micro,2025-03,2,69.05,2025-05-16,244,At Risk
321,2025-03-19,Paid Social,2025-03,1,24.5,2025-03-21,300,One-and-Done
322,2025-03-01,Organic & Referral,2025-03,2,77.98,2025-05-10,250,At Risk
323,2025-03-24,Paid Social,2025-03,1,31.29,2025-03-24,297,One-and-Done
324,2025-03-27,Paid Social,2025-03,1,24.14,2025-03-27,294,One-and-Done
325,2025-03-07,Organic & Referral,2025-03,4,124.71000000000001,2025-09-22,115,VIP Glow Girls
326,2025-03-30,Organic & Referral,2025-03,1,33.18,2025-03-31,290,One-and-Done
327,2025-03-24,Paid Social,2025-03,1,33.3,2025-03-24,297,One-and-Done
328,2025-03-14,Organic & Referral,2025-03,3,105.71000000000001,2025-08-03,165,At Risk
329,2025-03-31,Organic & Referral,2025-03,4,161.44,2025-09-10,127,At Risk
330,2025-03-23,Paid Social,2025-03,1,32.37,2025-03-24,297,One-and-Done
331,2025-03-13,Paid Social,2025-03,1,31.85,2025-03-15,306,One-and-Done
332,2025-03-30,Influencer - Macro,2025-03,1,29.42,2025-04-01,289,One-and-Done
333,2025-03-06,Influencer - Macro,2025-03,1,31.05,2025-03-07,314,One-and-Done
334,2025-03-25,Paid Social,2025-03,1,30.06,2025-03-25,296,One-and-Done
335,2025-03-25,Paid Social,2025-03,1,25.44,2025-03-27,294,One-and-Done
336,2025-03-21,Paid Social,2025-03,1,29.12,2025-03-23,298,One-and-Done
337,2025-03-07,Paid Social,2025-03,1,36.46,2025-03-07,314,One-and-Done
338,2025-03-21,Paid Social,2025-03,1,28.72,2025-03-23,298,One-and-Done
339,2025-03-08,Organic & Referral,2025-03,1,35.14,2025-03-08,313,One-and-Done
340,2025-03-14,Influencer - Macro,2025-03,2,58.18,2025-05-12,248,At Risk
341,2025-03-22,Influencer - Micro,2025-03,3,108.3,2025-07-03,196,At Risk
342,2025-03-14,Paid Social,2025-03,1,29.74,2025-03-16,305,One-and-Done
343,2025-03-26,Organic & Referral,2025-03,1,40.53,2025-03-28,293,One-and-Done
344,2025-03-15,Organic & Referral,2025-03,1,25.27,2025-03-17,304,One-and-Done
345,2025-03-29,Organic & Referral,2025-03,2,75.88,2025-06-11,218,At Risk
346,2025-03-16,Organic & Referral,2025-03,1,35.44,2025-03-18,303,One-and-Done
347,2025-03-31,Influencer - Micro,2025-03,3,87.73,2025-07-25,174,At Risk
348,2025-03-17,Paid Social,2025-03,1,30.37,2025-03-19,302,One-and-Done
349,2025-03-31,Influencer - Micro,2025-03,2,67.83,2025-06-01,228,At Risk
350,2025-03-20,Paid Social,2025-03,1,32.46,2025-03-20,301,One-and-Done
351,2025-03-13,Organic & Referral,2025-03,1,32.0,2025-03-13,308,One-and-Done
352,2025-03-29,Influencer - Micro,2025-03,3,93.10999999999999,2025-09-09,128,At Risk
353,2025-03-09,Paid Social,2025-03,1,34.42,2025-03-09,312,One-and-Done
354,2025-03-31,Influencer - Micro,2025-03,2,75.72,2025-06-28,201,At Risk
355,2025-03-07,Influencer - Micro,2025-03,1,36.3,2025-03-07,314,One-and-Done
356,2025-03-14,Influencer - Micro,2025-03,1,30.87,2025-03-16,305,One-and-Done
357,2025-03-30,Influencer - Macro,2025-03,1,26.41,2025-03-30,291,One-and-Done
358,2025-03-03,Organic & Referral,2025-03,1,32.44,2025-03-04,317,One-and-Done
359,2025-03-13,Paid Social,2025-03,1,39.39,2025-03-14,307,One-and-Done
360,2025-03-14,Organic & Referral,2025-03,3,96.39,2025-08-16,152,At Risk
361,2025-03-06,Paid Social,2025-03,3,108.36000000000001,2025-07-14,185,At Risk
362,2025-03-25,Influencer - Micro,2025-03,2,77.15,2025-06-01,228,At Risk
363,2025-03-19,Influencer - Micro,2025-03,1,37.12,2025-03-20,301,One-and-Done
364,2025-03-03,Organic & Referral,2025-03,1,30.95,2025-03-03,318,One-and-Done
365,2025-03-01,Influencer - Micro,2025-03,2,65.81,2025-05-11,249,At Risk
366,2025-03-07,Organic & Referral,2025-03,1,26.68,2025-03-08,313,One-and-Done
367,2025-03-18,Influencer - Macro,2025-03,1,41.04,2025-03-18,303,One-and-Done
368,2025-03-23,Paid Social,2025-03,1,35.62,2025-03-23,298,One-and-Done
369,2025-03-15,Organic & Referral,2025-03,2,62.129999999999995,2025-05-25,235,At Risk
370,2025-03-20,Influencer - Micro,2025-03,2,66.01,2025-06-13,216,At Risk
371,2025-03-22,Influencer - Micro,2025-03,3,98.94,2025-08-05,163,At Risk
372,2025-03-14,Organic & Referral,2025-03,3,100.92,2025-08-07,161,At Risk
373,2025-03-07,Influencer - Micro,2025-03,1,28.1,2025-03-09,312,One-and-Done
374,2025-03-25,Paid Social,2025-03,1,17.41,2025-03-25,296,One-and-Done
375,2025-03-30,Paid Social,2025-03,1,28.92,2025-03-31,290,One-and-Done
376,2025-03-16,Influencer - Micro,2025-03,2,49.14,2025-06-02,227,At Risk
377,2025-03-23,Paid Social,2025-03,1,26.04,2025-03-25,296,One-and-Done
378,2025-03-16,Paid Social,2025-03,2,62.019999999999996,2025-06-04,225,At Risk
379,2025-03-19,Paid Social,2025-03,1,38.47,2025-03-21,300,One-and-Done
380,2025-03-30,Organic & Referral,2025-03,1,31.83,2025-04-01,289,One-and-Done
381,2025-04-30,Influencer - Micro,2025-04,1,31.65,2025-04-30,260,One-and-Done
382,2025-04-05,Paid Social,2025-04,1,34.83,2025-04-06,284,One-and-Done
383,2025-04-26,Organic & Referral,2025-04,1,29.61,2025-04-27,263,One-and-Done
384,2025-04-07,Influencer - Micro,2025-04,2,75.72,2025-06-08,221,At Risk
385,2025-04-12,Paid Social,2025-04,1,27.03,2025-04-13,277,One-and-Done
386,2025-04-06,Organic & Referral,2025-04,1,35.3,2025-04-07,283,One-and-Done
387,2025-04-11,Influencer - Micro,2025-04,1,25.1,2025-04-12,278,One-and-Done
388,2025-04-14,Influencer - Macro,2025-04,1,34.49,2025-04-14,276,One-and-Done
389,2025-04-18,Paid Social,2025-04,1,35.83,2025-04-19,271,One-and-Done
390,2025-04-11,Paid Social,2025-04,1,46.29,2025-04-12,278,One-and-Done
391,2025-04-04,Influencer - Macro,2025-04,1,34.92,2025-04-05,285,One-and-Done
392,2025-04-04,Paid Social,2025-04,1,28.99,2025-04-04,286,One-and-Done
393,2025-04-19,Paid Social,2025-04,2,78.89,2025-07-24,175,At Risk
394,2025-04-24,Influencer - Micro,2025-04,3,99.2,2025-09-06,131,At Risk
395,2025-04-11,Paid Social,2025-04,1,32.28,2025-04-11,279,One-and-Done
396,2025-04-28,Organic & Referral,2025-04,3,99.78999999999999,2025-08-23,145,At Risk
397,2025-04-18,Paid Social,2025-04,1,35.89,2025-04-20,270,One-and-Done
398,2025-04-24,Organic & Referral,2025-04,1,28.85,2025-04-25,265,One-and-Done
399,2025-04-03,Paid Social,2025-04,1,35.15,2025-04-05,285,One-and-Done
400,2025-04-06,Organic & Referral,2025-04,1,32.47,2025-04-07,283,One-and-Done
401,2025-04-23,Paid Social,2025-04,4,130.17000000000002,2026-01-08,7,VIP Glow Girls
402,2025-04-24,Influencer - Micro,2025-04,3,103.54,2025-10-05,102,VIP Glow Girls
403,2025-04-14,Organic & Referral,2025-04,2,69.6,2025-06-18,211,At Risk
404,2025-04-23,Paid Social,2025-04,1,32.22,2025-04-23,267,One-and-Done
405,2025-04-15,Influencer - Micro,2025-04,2,64.72,2025-07-06,193,At Risk
406,2025-04-11,Influencer - Micro,2025-04,1,32.49,2025-04-12,278,One-and-Done
407,2025-04-25,Paid Social,2025-04,1,33.62,2025-04-25,265,One-and-Done
408,2025-04-24,Influencer - Macro,2025-04,2,71.15,2025-06-10,219,At Risk
409,2025-04-10,Influencer - Micro,2025-04,3,92.36,2025-08-18,150,At Risk
410,2025-04-01,Influencer - Micro,2025-04,2,63.56,2025-05-14,246,At Risk
411,2025-04-20,Paid Social,2025-04,1,35.0,2025-04-20,270,One-and-Done
412,2025-04-27,Paid Social,2025-04,1,35.39,2025-04-27,263,One-and-Done
413,2025-04-18,Paid Social,2025-04,1,27.28,2025-04-19,271,One-and-Done
414,2025-04-05,Influencer - Micro,2025-04,1,38.51,2025-04-07,283,One-and-Done
415,2025-04-14,Influencer - Macro,2025-04,2,63.980000000000004,2025-07-15,184,At Risk
416,2025-04-11,Paid Social,2025-04,1,27.75,2025-04-11,279,One-and-Done
417,2025-04-23,Paid Social,2025-04,1,25.92,2025-04-24,266,One-and-Done
418,2025-04-26,Paid Social,2025-04,2,68.16999999999999,2025-07-07,192,At Risk
419,2025-04-02,Influencer - Micro,2025-04,1,22.69,2025-04-03,287,One-and-Done
420,2025-04-20,Influencer - Macro,2025-04,2,65.28,2025-07-12,187,At Risk
421,2025-04-27,Influencer - Micro,2025-04,2,71.85,2025-07-02,197,At Risk
422,2025-04-12,Paid Social,2025-04,1,31.1,2025-04-12,278,One-and-Done
423,2025-04-06,Paid Social,2025-04,1,27.93,2025-04-06,284,One-and-Done
424,2025-04-12,Organic & Referral,2025-04,1,32.45,2025-04-14,276,One-and-Done
425,2025-04-24,Paid Social,2025-04,1,30.53,2025-04-24,266,One-and-Done
426,2025-04-29,Paid Social,2025-04,1,35.05,2025-05-01,259,One-and-Done
427,2025-04-24,Paid Social,2025-04,1,36.9,2025-04-26,264,One-and-Done
428,2025-04-21,Influencer - Macro,2025-04,2,63.74,2025-06-05,224,At Risk
429,2025-04-03,Paid Social,2025-04,1,24.57,2025-04-05,285,One-and-Done
430,2025-04-28,Paid Social,2025-04,1,32.43,2025-04-29,261,One-and-Done
431,2025-04-16,Paid Social,2025-04,1,33.17,2025-04-18,272,One-and-Done
432,2025-04-22,Influencer - Micro,2025-04,1,42.93,2025-04-22,268,One-and-Done
433,2025-04-15,Paid Social,2025-04,1,26.61,2025-04-16,274,One-and-Done
434,2025-04-22,Organic & Referral,2025-04,3,97.00999999999999,2025-09-26,111,VIP Glow Girls
435,2025-04-05,Influencer - Macro,2025-04,1,25.03,2025-04-07,283,One-and-Done
436,2025-04-19,Paid Social,2025-04,1,28.9,2025-04-19,271,One-and-Done
437,2025-04-19,Paid Social,2025-04,1,31.73,2025-04-19,271,One-and-Done
438,2025-04-30,Influencer - Micro,2025-04,1,31.58,2025-05-02,258,One-and-Done
439,2025-04-08,Paid Social,2025-04,1,37.17,2025-04-09,281,One-and-Done
440,2025-04-24,Paid Social,2025-04,1,33.23,2025-04-25,265,One-and-Done
441,2025-04-19,Organic & Referral,2025-04,2,54.94,2025-06-21,208,At Risk
442,2025-04-12,Organic & Referral,2025-04,1,35.04,2025-04-12,278,One-and-Done
443,2025-04-09,Influencer - Macro,2025-04,2,59.18,2025-06-17,212,At Risk
444,2025-04-23,Paid Social,2025-04,1,32.63,2025-04-23,267,One-and-Done
445,2025-04-10,Paid Social,2025-04,1,41.43,2025-04-10,280,One-and-Done
446,2025-04-13,Influencer - Micro,2025-04,2,75.84,2025-06-10,219,At Risk
447,2025-04-25,Paid Social,2025-04,1,35.49,2025-04-25,265,One-and-Done
448,2025-04-21,Organic & Referral,2025-04,2,66.95,2025-07-02,197,At Risk
449,2025-04-29,Influencer - Macro,2025-04,4,122.9,2026-01-04,11,VIP Glow Girls
450,2025-04-26,Paid Social,2025-04,1,29.53,2025-04-28,262,One-and-Done
451,2025-04-13,Organic & Referral,2025-04,3,115.76,2025-08-13,155,At Risk
452,2025-04-15,Paid Social,2025-04,1,30.56,2025-04-17,273,One-and-Done
453,2025-04-21,Paid Social,2025-04,1,30.65,2025-04-21,269,One-and-Done
454,2025-04-11,Organic & Referral,2025-04,4,146.22,2025-11-26,50,VIP Glow Girls
455,2025-04-03,Paid Social,2025-04,2,69.81,2025-05-19,241,At Risk
456,2025-04-02,Influencer - Micro,2025-04,2,82.13,2025-05-14,246,At Risk
457,2025-04-26,Influencer - Macro,2025-04,1,31.06,2025-04-27,263,One-and-Done
458,2025-04-06,Organic & Referral,2025-04,2,71.62,2025-06-14,215,At Risk
459,2025-04-04,Influencer - Micro,2025-04,1,31.81,2025-04-04,286,One-and-Done
460,2025-04-24,Paid Social,2025-04,1,21.07,2025-04-25,265,One-and-Done
461,2025-04-25,Influencer - Macro,2025-04,1,38.05,2025-04-27,263,One-and-Done
462,2025-04-09,Paid Social,2025-04,1,27.01,2025-04-10,280,One-and-Done
463,2025-04-21,Organic & Referral,2025-04,2,87.38,2025-06-29,200,At Risk
464,2025-04-05,Paid Social,2025-04,3,105.12,2025-07-09,190,At Risk
465,2025-04-04,Organic & Referral,2025-04,1,28.5,2025-04-04,286,One-and-Done
466,2025-05-25,Paid Social,2025-05,1,36.98,2025-05-26,234,One-and-Done
467,2025-05-28,Organic & Referral,2025-05,4,133.21,2025-12-16,30,VIP Glow Girls
468,2025-05-06,Paid Social,2025-05,2,67.66,2025-07-21,178,At Risk
469,2025-05-30,Paid Social,2025-05,1,32.18,2025-06-01,228,One-and-Done
470,2025-05-20,Paid Social,2025-05,2,66.52000000000001,2025-07-01,198,At Risk
471,2025-05-30,Paid Social,2025-05,1,31.5,2025-05-30,230,One-and-Done
472,2025-05-12,Organic & Referral,2025-05,2,72.23,2025-07-18,181,At Risk
473,2025-05-14,Paid Social,2025-05,1,35.83,2025-05-14,246,One-and-Done
474,2025-05-18,Paid Social,2025-05,1,43.05,2025-05-19,241,One-and-Done
475,2025-05-24,Paid Social,2025-05,1,29.26,2025-05-26,234,One-and-Done
476,2025-05-31,Paid Social,2025-05,1,33.24,2025-05-31,229,One-and-Done
477,2025-05-28,Organic & Referral,2025-05,1,38.09,2025-05-28,232,One-and-Done
478,2025-05-04,Influencer - Micro,2025-05,1,33.79,2025-05-06,254,One-and-Done
479,2025-05-11,Influencer - Micro,2025-05,3,102.29999999999998,2025-09-30,107,VIP Glow Girls
480,2025-05-15,Paid Social,2025-05,1,34.78,2025-05-17,243,One-and-Done
481,2025-05-09,Paid Social,2025-05,2,75.63,2025-06-27,202,At Risk
482,2025-05-29,Paid Social,2025-05,2,69.18,2025-07-13,186,At Risk
483,2025-05-07,Influencer - Macro,2025-05,1,37.74,2025-05-07,253,One-and-Done
484,2025-05-27,Paid Social,2025-05,1,32.73,2025-05-29,231,One-and-Done
485,2025-05-27,Paid Social,2025-05,1,27.65,2025-05-27,233,One-and-Done
486,2025-05-16,Paid Social,2025-05,1,35.07,2025-05-16,244,One-and-Done
487,2025-05-18,Paid Social,2025-05,1,34.04,2025-05-20,240,One-and-Done
488,2025-05-17,Paid Social,2025-05,2,79.89,2025-07-02,197,At Risk
489,2025-05-05,Paid Social,2025-05,1,23.6,2025-05-07,253,One-and-Done
490,2025-05-21,Paid Social,2025-05,1,21.57,2025-05-23,237,One-and-Done
491,2025-05-26,Paid Social,2025-05,1,21.5,2025-05-26,234,One-and-Done
492,2025-05-09,Paid Social,2025-05,1,39.45,2025-05-10,250,One-and-Done
493,2025-05-27,Paid Social,2025-05,1,38.64,2025-05-28,232,One-and-Done
494,2025-05-28,Influencer - Micro,2025-05,1,27.29,2025-05-29,231,One-and-Done
495,2025-05-29,Paid Social,2025-05,1,22.95,2025-05-31,229,One-and-Done
496,2025-05-18,Paid Social,2025-05,1,35.2,2025-05-20,240,One-and-Done
497,2025-05-08,Organic & Referral,2025-05,1,31.63,2025-05-10,250,One-and-Done
498,2025-05-28,Paid Social,2025-05,1,27.18,2025-05-28,232,One-and-Done
499,2025-05-14,Influencer - Macro,2025-05,1,27.04,2025-05-14,246,One-and-Done
500,2025-05-26,Paid Social,2025-05,1,33.7,2025-05-28,232,One-and-Done
501,2025-05-24,Influencer - Micro,2025-05,1,32.41,2025-05-24,236,One-and-Done
502,2025-05-10,Paid Social,2025-05,1,35.12,2025-05-12,248,One-and-Done
503,2025-05-25,Organic & Referral,2025-05,1,34.35,2025-05-25,235,One-and-Done
504,2025-05-31,Paid Social,2025-05,1,27.89,2025-06-01,228,One-and-Done
505,2025-05-24,Paid Social,2025-05,2,55.17,2025-07-24,175,At Risk
506,2025-05-22,Paid Social,2025-05,1,33.02,2025-05-23,237,One-and-Done
507,2025-05-06,Paid Social,2025-05,1,27.04,2025-05-07,253,One-and-Done
508,2025-05-19,Organic & Referral,2025-05,1,25.35,2025-05-19,241,One-and-Done
509,2025-05-10,Paid Social,2025-05,1,28.99,2025-05-11,249,One-and-Done
510,2025-05-16,Paid Social,2025-05,1,28.61,2025-05-17,243,One-and-Done
511,2025-05-04,Paid Social,2025-05,1,28.14,2025-05-05,255,One-and-Done
512,2025-05-03,Influencer - Macro,2025-05,1,28.58,2025-05-04,256,One-and-Done
513,2025-05-09,Influencer - Micro,2025-05,2,74.03999999999999,2025-07-31,168,At Risk
514,2025-05-23,Influencer - Micro,2025-05,1,32.45,2025-05-23,237,One-and-Done
515,2025-05-08,Paid Social,2025-05,1,32.03,2025-05-09,251,One-and-Done
516,2025-05-12,Organic & Referral,2025-05,1,35.44,2025-05-13,247,One-and-Done
517,2025-05-28,Paid Social,2025-05,1,30.93,2025-05-29,231,One-and-Done
518,2025-05-01,Influencer - Micro,2025-05,2,65.12,2025-07-19,180,At Risk
519,2025-05-01,Influencer - Micro,2025-05,2,68.97,2025-06-30,199,At Risk
520,2025-05-06,Paid Social,2025-05,1,22.51,2025-05-06,254,One-and-Done
521,2025-05-08,Organic & Referral,2025-05,1,31.9,2025-05-10,250,One-and-Done
522,2025-05-08,Paid Social,2025-05,1,27.25,2025-05-09,251,One-and-Done
523,2025-05-01,Paid Social,2025-05,1,26.96,2025-05-03,257,One-and-Done
524,2025-05-26,Organic & Referral,2025-05,1,24.86,2025-05-27,233,One-and-Done
525,2025-05-06,Influencer - Micro,2025-05,1,30.0,2025-05-06,254,One-and-Done
526,2025-05-05,Paid Social,2025-05,1,28.72,2025-05-07,253,One-and-Done
527,2025-05-01,Organic & Referral,2025-05,1,29.68,2025-05-01,259,One-and-Done
528,2025-05-11,Paid Social,2025-05,1,33.83,2025-05-13,247,One-and-Done
529,2025-05-06,Influencer - Macro,2025-05,1,23.13,2025-05-06,254,One-and-Done
530,2025-05-18,Organic & Referral,2025-05,4,131.93,2025-11-16,60,VIP Glow Girls
531,2025-05-17,Organic & Referral,2025-05,1,26.84,2025-05-19,241,One-and-Done
532,2025-05-13,Paid Social,2025-05,1,39.0,2025-05-15,245,One-and-Done
533,2025-05-17,Paid Social,2025-05,1,32.73,2025-05-19,241,One-and-Done
534,2025-05-24,Influencer - Micro,2025-05,2,79.41,2025-07-06,193,At Risk
535,2025-05-03,Organic & Referral,2025-05,1,34.0,2025-05-03,257,One-and-Done
536,2025-05-21,Paid Social,2025-05,1,31.43,2025-05-21,239,One-and-Done
537,2025-05-06,Influencer - Macro,2025-05,1,31.63,2025-05-06,254,One-and-Done
538,2025-05-02,Paid Social,2025-05,1,32.34,2025-05-03,257,One-and-Done
539,2025-05-21,Organic & Referral,2025-05,2,74.25,2025-07-08,191,At Risk
540,2025-05-10,Organic & Referral,2025-05,1,32.9,2025-05-10,250,One-and-Done
541,2025-05-23,Paid Social,2025-05,1,27.48,2025-05-24,236,One-and-Done
542,2025-05-17,Influencer - Macro,2025-05,1,25.68,2025-05-19,241,One-and-Done
543,2025-05-07,Organic & Referral,2025-05,1,40.64,2025-05-09,251,One-and-Done
544,2025-05-17,Organic & Referral,2025-05,1,29.99,2025-05-18,242,One-and-Done
545,2025-05-24,Paid Social,2025-05,1,44.29,2025-05-26,234,One-and-Done
546,2025-06-05,Influencer - Macro,2025-06,2,56.56,2025-07-22,177,At Risk
547,2025-06-05,Paid Social,2025-06,1,36.22,2025-06-05,224,One-and-Done
548,2025-06-10,Influencer - Micro,2025-06,3,118.99000000000001,2025-10-18,89,VIP Glow Girls
549,2025-06-30,Paid Social,2025-06,1,27.42,2025-07-01,198,One-and-Done
550,2025-06-30,Paid Social,2025-06,1,27.02,2025-07-01,198,One-and-Done
551,2025-06-07,Paid Social,2025-06,2,77.95,2025-08-07,161,At Risk
552,2025-06-21,Influencer - Micro,2025-06,2,69.49,2025-08-23,145,At Risk
553,2025-06-28,Influencer - Micro,2025-06,1,28.9,2025-06-30,199,One-and-Done
554,2025-06-05,Influencer - Macro,2025-06,4,157.64,2025-12-20,26,VIP Glow Girls
555,2025-06-19,Organic & Referral,2025-06,1,24.66,2025-06-19,210,One-and-Done
556,2025-06-13,Paid Social,2025-06,1,47.3,2025-06-14,215,One-and-Done
557,2025-06-16,Influencer - Macro,2025-06,1,34.55,2025-06-17,212,One-and-Done
558,2025-06-22,Influencer - Macro,2025-06,1,34.86,2025-06-24,205,One-and-Done
559,2025-06-23,Paid Social,2025-06,1,26.63,2025-06-23,206,One-and-Done
560,2025-06-20,Paid Social,2025-06,1,20.79,2025-06-20,209,One-and-Done
561,2025-06-04,Paid Social,2025-06,1,27.84,2025-06-06,223,One-and-Done
562,2025-06-23,Paid Social,2025-06,1,36.47,2025-06-24,205,One-and-Done
563,2025-06-01,Organic & Referral,2025-06,2,68.84,2025-07-18,181,At Risk
564,2025-06-24,Paid Social,2025-06,2,63.349999999999994,2025-09-02,135,At Risk
565,2025-06-21,Paid Social,2025-06,1,28.68,2025-06-23,206,One-and-Done
566,2025-06-28,Influencer - Macro,2025-06,2,77.74000000000001,2025-09-26,111,Repeat Regulars
567,2025-06-17,Organic & Referral,2025-06,1,37.11,2025-06-17,212,One-and-Done
568,2025-06-18,Organic & Referral,2025-06,1,32.21,2025-06-18,211,One-and-Done
569,2025-06-20,Paid Social,2025-06,1,26.0,2025-06-22,207,One-and-Done
570,2025-06-16,Paid Social,2025-06,1,41.44,2025-06-18,211,One-and-Done
571,2025-06-22,Influencer - Micro,2025-06,3,120.72,2025-11-23,53,VIP Glow Girls
572,2025-06-08,Organic & Referral,2025-06,1,25.64,2025-06-10,219,One-and-Done
573,2025-06-05,Paid Social,2025-06,1,36.49,2025-06-07,222,One-and-Done
574,2025-06-25,Influencer - Micro,2025-06,1,25.25,2025-06-27,202,One-and-Done
575,2025-06-17,Paid Social,2025-06,2,78.69,2025-08-07,161,At Risk
576,2025-06-15,Paid Social,2025-06,3,98.26,2025-11-05,71,VIP Glow Girls
577,2025-06-08,Organic & Referral,2025-06,1,31.34,2025-06-08,221,One-and-Done
578,2025-06-14,Paid Social,2025-06,1,34.11,2025-06-16,213,One-and-Done
579,2025-06-24,Paid Social,2025-06,1,26.15,2025-06-26,203,One-and-Done
580,2025-06-14,Paid Social,2025-06,1,30.36,2025-06-14,215,One-and-Done
581,2025-06-18,Paid Social,2025-06,1,26.91,2025-06-19,210,One-and-Done
582,2025-06-13,Paid Social,2025-06,1,32.92,2025-06-13,216,One-and-Done
583,2025-06-01,Influencer - Macro,2025-06,1,31.86,2025-06-02,227,One-and-Done
584,2025-06-12,Paid Social,2025-06,1,32.14,2025-06-12,217,One-and-Done
585,2025-06-05,Paid Social,2025-06,1,28.59,2025-06-07,222,One-and-Done
586,2025-06-28,Paid Social,2025-06,1,37.14,2025-06-28,201,One-and-Done
587,2025-06-27,Paid Social,2025-06,1,29.08,2025-06-28,201,One-and-Done
588,2025-06-14,Influencer - Micro,2025-06,1,28.08,2025-06-15,214,One-and-Done
589,2025-06-21,Paid Social,2025-06,1,43.5,2025-06-23,206,One-and-Done
590,2025-06-15,Paid Social,2025-06,1,31.02,2025-06-15,214,One-and-Done
591,2025-06-19,Influencer - Macro,2025-06,2,67.09,2025-09-14,123,At Risk
592,2025-06-07,Paid Social,2025-06,1,40.14,2025-06-09,220,One-and-Done
593,2025-06-14,Paid Social,2025-06,1,29.57,2025-06-14,215,One-and-Done
594,2025-06-12,Paid Social,2025-06,1,43.66,2025-06-13,216,One-and-Done
595,2025-06-06,Paid Social,2025-06,1,38.25,2025-06-06,223,One-and-Done
596,2025-06-01,Organic & Referral,2025-06,1,24.26,2025-06-02,227,One-and-Done
597,2025-06-22,Paid Social,2025-06,1,22.13,2025-06-23,206,One-and-Done
598,2025-06-11,Paid Social,2025-06,2,69.58000000000001,2025-08-06,162,At Risk
599,2025-06-25,Organic & Referral,2025-06,2,79.28,2025-08-31,137,At Risk
600,2025-06-14,Paid Social,2025-06,1,29.34,2025-06-15,214,One-and-Done
601,2025-06-27,Paid Social,2025-06,2,70.94,2025-09-29,108,Repeat Regulars
602,2025-06-19,Paid Social,2025-06,1,29.28,2025-06-19,210,One-and-Done
603,2025-06-07,Paid Social,2025-06,1,27.8,2025-06-07,222,One-and-Done
604,2025-06-09,Paid Social,2025-06,1,34.86,2025-06-10,219,One-and-Done
605,2025-06-22,Paid Social,2025-06,1,37.46,2025-06-23,206,One-and-Done
606,2025-06-09,Paid Social,2025-06,1,31.52,2025-06-09,220,One-and-Done
607,2025-06-18,Influencer - Micro,2025-06,1,38.3,2025-06-19,210,One-and-Done
608,2025-06-05,Paid Social,2025-06,1,29.54,2025-06-05,224,One-and-Done
609,2025-06-30,Influencer - Micro,2025-06,3,109.36,2025-11-19,57,VIP Glow Girls
610,2025-06-08,Paid Social,2025-06,1,29.74,2025-06-08,221,One-and-Done
611,2025-06-04,Paid Social,2025-06,2,72.7,2025-08-22,146,At Risk
612,2025-06-02,Organic & Referral,2025-06,1,32.85,2025-06-03,226,One-and-Done
613,2025-06-26,Influencer - Macro,2025-06,3,118.99000000000001,2025-10-18,89,VIP Glow Girls
614,2025-06-25,Paid Social,2025-06,1,38.34,2025-06-25,204,One-and-Done
615,2025-06-22,Paid Social,2025-06,1,23.37,2025-06-23,206,One-and-Done
616,2025-06-01,Influencer - Macro,2025-06,1,29.67,2025-06-03,226,One-and-Done
617,2025-06-04,Paid Social,2025-06,1,29.39,2025-06-04,225,One-and-Done
618,2025-06-03,Influencer - Micro,2025-06,1,26.19,2025-06-04,225,One-and-Done
619,2025-06-10,Influencer - Micro,2025-06,1,36.85,2025-06-12,217,One-and-Done
620,2025-06-05,Paid Social,2025-06,1,36.69,2025-06-05,224,One-and-Done
621,2025-07-22,Influencer - Macro,2025-07,1,28.78,2025-07-22,177,One-and-Done
622,2025-07-12,Paid Social,2025-07,1,28.9,2025-07-14,185,One-and-Done
623,2025-07-18,Organic & Referral,2025-07,2,79.18,2025-09-02,135,At Risk
624,2025-07-10,Paid Social,2025-07,1,23.19,2025-07-11,188,One-and-Done
625,2025-07-13,Paid Social,2025-07,2,62.150000000000006,2025-09-06,131,At Risk
626,2025-07-25,Organic & Referral,2025-07,3,93.39,2025-11-13,63,VIP Glow Girls
627,2025-07-15,Paid Social,2025-07,1,32.43,2025-07-16,183,One-and-Done
628,2025-07-06,Influencer - Macro,2025-07,1,37.29,2025-07-06,193,One-and-Done
629,2025-07-05,Organic & Referral,2025-07,1,37.12,2025-07-05,194,One-and-Done
630,2025-07-20,Paid Social,2025-07,1,37.82,2025-07-21,178,One-and-Done
631,2025-07-26,Influencer - Macro,2025-07,1,34.14,2025-07-26,173,One-and-Done
632,2025-07-11,Paid Social,2025-07,2,66.31,2025-08-22,146,At Risk
633,2025-07-01,Organic & Referral,2025-07,2,74.32,2025-08-18,150,At Risk
634,2025-07-14,Paid Social,2025-07,1,43.17,2025-07-16,183,One-and-Done
635,2025-07-18,Paid Social,2025-07,1,32.43,2025-07-18,181,One-and-Done
636,2025-07-30,Influencer - Micro,2025-07,1,33.28,2025-08-01,167,One-and-Done
637,2025-07-15,Influencer - Macro,2025-07,1,31.69,2025-07-16,183,One-and-Done
638,2025-07-10,Influencer - Micro,2025-07,2,68.39,2025-09-27,110,Repeat Regulars
639,2025-07-10,Paid Social,2025-07,1,36.35,2025-07-10,189,One-and-Done
640,2025-07-17,Organic & Referral,2025-07,3,97.46000000000001,2025-11-04,72,VIP Glow Girls
641,2025-07-11,Influencer - Micro,2025-07,1,34.43,2025-07-11,188,One-and-Done
642,2025-07-05,Paid Social,2025-07,1,25.25,2025-07-07,192,One-and-Done
643,2025-07-29,Influencer - Micro,2025-07,1,37.75,2025-07-30,169,One-and-Done
644,2025-07-18,Influencer - Macro,2025-07,2,68.94999999999999,2025-10-04,103,Repeat Regulars
645,2025-07-01,Paid Social,2025-07,1,30.31,2025-07-01,198,One-and-Done
646,2025-07-11,Paid Social,2025-07,1,33.65,2025-07-13,186,One-and-Done
647,2025-07-10,Paid Social,2025-07,2,69.75,2025-10-05,102,Repeat Regulars
648,2025-07-26,Paid Social,2025-07,1,37.41,2025-07-28,171,One-and-Done
649,2025-07-11,Paid Social,2025-07,2,71.88,2025-10-09,98,Repeat Regulars
650,2025-07-02,Influencer - Micro,2025-07,1,30.0,2025-07-02,197,One-and-Done
651,2025-07-12,Influencer - Micro,2025-07,2,60.769999999999996,2025-09-28,109,Repeat Regulars
652,2025-07-27,Organic & Referral,2025-07,3,105.1,2025-12-25,21,VIP Glow Girls
653,2025-07-17,Paid Social,2025-07,3,107.75,2025-11-21,55,VIP Glow Girls
654,2025-07-10,Organic & Referral,2025-07,1,36.88,2025-07-12,187,One-and-Done
655,2025-07-15,Organic & Referral,2025-07,2,67.76,2025-09-25,112,Repeat Regulars
656,2025-07-22,Paid Social,2025-07,2,73.65,2025-09-25,112,Repeat Regulars
657,2025-07-21,Organic & Referral,2025-07,1,28.65,2025-07-21,178,One-and-Done
658,2025-07-27,Paid Social,2025-07,1,23.97,2025-07-27,172,One-and-Done
659,2025-07-15,Influencer - Macro,2025-07,1,35.89,2025-07-16,183,One-and-Done
660,2025-07-14,Influencer - Macro,2025-07,1,34.93,2025-07-15,184,One-and-Done
661,2025-07-26,Influencer - Micro,2025-07,2,55.38,2025-10-24,83,Repeat Regulars
662,2025-07-16,Influencer - Micro,2025-07,3,103.43,2025-11-05,71,VIP Glow Girls
663,2025-07-03,Paid Social,2025-07,1,35.91,2025-07-05,194,One-and-Done
664,2025-07-09,Paid Social,2025-07,2,63.78,2025-09-07,130,At Risk
665,2025-07-17,Paid Social,2025-07,1,36.13,2025-07-19,180,One-and-Done
666,2025-07-29,Paid Social,2025-07,1,18.48,2025-07-29,170,One-and-Done
667,2025-07-18,Influencer - Micro,2025-07,3,103.66,2025-11-13,63,VIP Glow Girls
668,2025-07-02,Paid Social,2025-07,1,25.59,2025-07-02,197,One-and-Done
669,2025-07-05,Paid Social,2025-07,1,33.52,2025-07-06,193,One-and-Done
670,2025-07-09,Influencer - Macro,2025-07,1,24.32,2025-07-09,190,One-and-Done
671,2025-07-26,Paid Social,2025-07,2,66.28,2025-09-13,124,At Risk
672,2025-07-31,Paid Social,2025-07,1,33.13,2025-07-31,168,One-and-Done
673,2025-07-28,Paid Social,2025-07,2,67.22,2025-09-30,107,Repeat Regulars
674,2025-07-03,Organic & Referral,2025-07,2,49.89,2025-09-09,128,At Risk
675,2025-07-10,Paid Social,2025-07,1,34.92,2025-07-11,188,One-and-Done
676,2025-07-14,Paid Social,2025-07,1,30.7,2025-07-15,184,One-and-Done
677,2025-07-18,Influencer - Micro,2025-07,1,33.99,2025-07-19,180,One-and-Done
678,2025-07-29,Organic & Referral,2025-07,1,37.26,2025-07-29,170,One-and-Done
679,2025-07-14,Paid Social,2025-07,1,35.55,2025-07-16,183,One-and-Done
680,2025-07-18,Influencer - Micro,2025-07,2,76.12,2025-10-03,104,Repeat Regulars
681,2025-07-17,Paid Social,2025-07,1,32.65,2025-07-18,181,One-and-Done
682,2025-07-08,Paid Social,2025-07,1,32.33,2025-07-10,189,One-and-Done
683,2025-07-13,Paid Social,2025-07,1,32.68,2025-07-15,184,One-and-Done
684,2025-07-12,Influencer - Micro,2025-07,1,31.42,2025-07-12,187,One-and-Done
685,2025-07-01,Paid Social,2025-07,1,46.07,2025-07-02,197,One-and-Done
686,2025-07-19,Influencer - Micro,2025-07,1,34.63,2025-07-21,178,One-and-Done
687,2025-07-19,Influencer - Micro,2025-07,1,23.97,2025-07-21,178,One-and-Done
688,2025-07-14,Influencer - Micro,2025-07,1,32.54,2025-07-16,183,One-and-Done
689,2025-07-27,Organic & Referral,2025-07,1,28.74,2025-07-27,172,One-and-Done
690,2025-07-17,Paid Social,2025-07,2,78.01,2025-09-28,109,Repeat Regulars
691,2025-08-12,Influencer - Micro,2025-08,1,31.36,2025-08-13,155,One-and-Done
692,2025-08-27,Influencer - Micro,2025-08,3,106.55,2026-01-02,13,VIP Glow Girls
693,2025-08-08,Organic & Referral,2025-08,2,55.459999999999994,2025-10-06,101,Repeat Regulars
694,2025-08-21,Paid Social,2025-08,1,39.81,2025-08-21,147,One-and-Done
695,2025-08-28,Influencer - Macro,2025-08,1,33.76,2025-08-29,139,One-and-Done
696,2025-08-12,Influencer - Macro,2025-08,2,77.87,2025-11-13,63,Repeat Regulars
697,2025-08-13,Paid Social,2025-08,1,33.76,2025-08-15,153,One-and-Done
698,2025-08-07,Influencer - Micro,2025-08,2,72.96000000000001,2025-09-29,108,Repeat Regulars
699,2025-08-04,Paid Social,2025-08,2,70.49000000000001,2025-10-07,100,Repeat Regulars
700,2025-08-09,Paid Social,2025-08,1,30.74,2025-08-11,157,One-and-Done
701,2025-08-23,Influencer - Micro,2025-08,2,71.59,2025-10-26,81,Repeat Regulars
702,2025-08-02,Paid Social,2025-08,1,38.91,2025-08-02,166,One-and-Done
703,2025-08-13,Influencer - Micro,2025-08,2,67.16,2025-10-10,97,Repeat Regulars
704,2025-08-28,Paid Social,2025-08,1,33.82,2025-08-28,140,One-and-Done
705,2025-08-21,Organic & Referral,2025-08,2,66.08,2025-11-21,55,Repeat Regulars
706,2025-08-29,Paid Social,2025-08,1,35.23,2025-08-30,138,One-and-Done
707,2025-08-08,Organic & Referral,2025-08,1,31.69,2025-08-09,159,One-and-Done
708,2025-08-04,Influencer - Micro,2025-08,2,58.08,2025-10-04,103,Repeat Regulars
709,2025-08-25,Paid Social,2025-08,1,38.74,2025-08-27,141,One-and-Done
710,2025-08-10,Paid Social,2025-08,1,30.12,2025-08-10,158,One-and-Done
711,2025-08-01,Paid Social,2025-08,1,29.14,2025-08-01,167,One-and-Done
712,2025-08-03,Organic & Referral,2025-08,2,81.59,2025-10-02,105,Repeat Regulars
713,2025-08-30,Influencer - Micro,2025-08,2,64.48,2025-10-13,94,Repeat Regulars
714,2025-08-31,Organic & Referral,2025-08,2,53.05,2025-11-06,70,Repeat Regulars
715,2025-08-01,Organic & Referral,2025-08,2,62.89999999999999,2025-10-19,88,Repeat Regulars
716,2025-08-26,Paid Social,2025-08,1,27.58,2025-08-27,141,One-and-Done
717,2025-08-06,Paid Social,2025-08,1,42.11,2025-08-08,160,One-and-Done
718,2025-08-28,Paid Social,2025-08,1,38.13,2025-08-30,138,One-and-Done
719,2025-08-13,Paid Social,2025-08,1,37.95,2025-08-15,153,One-and-Done
720,2025-08-06,Paid Social,2025-08,1,31.14,2025-08-07,161,One-and-Done
721,2025-08-05,Paid Social,2025-08,1,38.68,2025-08-06,162,One-and-Done
722,2025-08-27,Organic & Referral,2025-08,1,24.22,2025-08-29,139,One-and-Done
723,2025-08-04,Paid Social,2025-08,1,28.76,2025-08-06,162,One-and-Done
724,2025-08-14,Paid Social,2025-08,2,75.43,2025-11-03,73,Repeat Regulars
725,2025-08-31,Paid Social,2025-08,1,36.27,2025-09-02,135,One-and-Done
726,2025-08-25,Paid Social,2025-08,1,33.74,2025-08-26,142,One-and-Done
727,2025-08-06,Organic & Referral,2025-08,3,101.45,2025-11-29,47,VIP Glow Girls
728,2025-08-07,Influencer - Micro,2025-08,1,32.05,2025-08-09,159,One-and-Done
729,2025-08-14,Organic & Referral,2025-08,3,99.66999999999999,2025-11-29,47,VIP Glow Girls
730,2025-08-10,Organic & Referral,2025-08,1,35.05,2025-08-10,158,One-and-Done
731,2025-08-26,Organic & Referral,2025-08,1,28.83,2025-08-27,141,One-and-Done
732,2025-08-10,Paid Social,2025-08,1,29.76,2025-08-11,157,One-and-Done
733,2025-08-13,Organic & Referral,2025-08,1,25.94,2025-08-15,153,One-and-Done
734,2025-08-12,Paid Social,2025-08,2,63.120000000000005,2025-11-05,71,Repeat Regulars
735,2025-08-16,Paid Social,2025-08,1,28.05,2025-08-18,150,One-and-Done
736,2025-08-12,Influencer - Micro,2025-08,1,26.69,2025-08-13,155,One-and-Done
737,2025-08-17,Paid Social,2025-08,1,27.54,2025-08-17,151,One-and-Done
738,2025-08-01,Paid Social,2025-08,2,74.19,2025-10-25,82,Repeat Regulars
739,2025-08-05,Paid Social,2025-08,1,34.35,2025-08-06,162,One-and-Done
740,2025-08-21,Paid Social,2025-08,1,32.4,2025-08-21,147,One-and-Done
741,2025-08-09,Organic & Referral,2025-08,2,74.58,2025-10-05,102,Repeat Regulars
742,2025-08-25,Paid Social,2025-08,1,35.48,2025-08-26,142,One-and-Done
743,2025-08-30,Paid Social,2025-08,1,31.5,2025-08-31,137,One-and-Done
744,2025-08-07,Influencer - Macro,2025-08,1,35.16,2025-08-07,161,One-and-Done
745,2025-08-31,Paid Social,2025-08,1,28.32,2025-09-01,136,One-and-Done
746,2025-08-25,Paid Social,2025-08,1,30.13,2025-08-27,141,One-and-Done
747,2025-08-04,Paid Social,2025-08,1,29.56,2025-08-05,163,One-and-Done
748,2025-08-12,Paid Social,2025-08,1,29.63,2025-08-13,155,One-and-Done
749,2025-08-25,Organic & Referral,2025-08,1,23.46,2025-08-27,141,One-and-Done
750,2025-08-14,Organic & Referral,2025-08,1,30.17,2025-08-15,153,One-and-Done
751,2025-08-09,Paid Social,2025-08,1,28.37,2025-08-09,159,One-and-Done
752,2025-08-31,Paid Social,2025-08,1,28.84,2025-08-31,137,One-and-Done
753,2025-08-12,Paid Social,2025-08,1,30.86,2025-08-14,154,One-and-Done
754,2025-08-03,Paid Social,2025-08,1,31.28,2025-08-04,164,One-and-Done
755,2025-08-20,Organic & Referral,2025-08,2,60.89,2025-10-30,77,Repeat Regulars
756,2025-08-14,Paid Social,2025-08,1,37.85,2025-08-16,152,One-and-Done
757,2025-08-13,Organic & Referral,2025-08,1,36.64,2025-08-14,154,One-and-Done
758,2025-08-25,Influencer - Micro,2025-08,2,64.56,2025-10-09,98,Repeat Regulars
759,2025-08-07,Influencer - Macro,2025-08,1,27.47,2025-08-09,159,One-and-Done
760,2025-08-01,Organic & Referral,2025-08,1,22.57,2025-08-01,167,One-and-Done
761,2025-09-07,Paid Social,2025-09,2,56.19,2025-12-05,41,Repeat Regulars
762,2025-09-27,Influencer - Micro,2025-09,1,35.57,2025-09-28,109,One-and-Done
763,2025-09-29,Influencer - Micro,2025-09,1,23.42,2025-09-29,108,One-and-Done
764,2025-09-03,Influencer - Micro,2025-09,2,79.7,2025-12-04,42,Repeat Regulars
765,2025-09-21,Organic & Referral,2025-09,2,64.35,2025-11-17,59,Repeat Regulars
766,2025-09-03,Paid Social,2025-09,2,69.92999999999999,2025-12-06,40,Repeat Regulars
767,2025-09-19,Influencer - Macro,2025-09,2,61.74,2025-12-05,41,Repeat Regulars
768,2025-09-18,Organic & Referral,2025-09,3,81.99000000000001,2025-12-28,18,VIP Glow Girls
769,2025-09-15,Influencer - Macro,2025-09,1,28.82,2025-09-17,120,One-and-Done
770,2025-09-22,Paid Social,2025-09,1,35.31,2025-09-22,115,One-and-Done
771,2025-09-08,Paid Social,2025-09,1,23.91,2025-09-08,129,One-and-Done
772,2025-09-22,Organic & Referral,2025-09,1,26.76,2025-09-23,114,One-and-Done
773,2025-09-09,Paid Social,2025-09,1,38.76,2025-09-10,127,One-and-Done
774,2025-09-10,Paid Social,2025-09,1,25.4,2025-09-11,126,One-and-Done
775,2025-09-24,Organic & Referral,2025-09,1,30.42,2025-09-24,113,One-and-Done
776,2025-09-09,Influencer - Macro,2025-09,1,33.98,2025-09-09,128,One-and-Done
777,2025-09-17,Organic & Referral,2025-09,1,26.49,2025-09-17,120,One-and-Done
778,2025-09-20,Organic & Referral,2025-09,2,63.83,2025-11-16,60,Repeat Regulars
779,2025-09-13,Organic & Referral,2025-09,1,35.78,2025-09-13,124,One-and-Done
780,2025-09-08,Paid Social,2025-09,1,33.98,2025-09-10,127,One-and-Done
781,2025-09-19,Influencer - Micro,2025-09,1,34.35,2025-09-20,117,One-and-Done
782,2025-09-06,Paid Social,2025-09,1,32.58,2025-09-07,130,One-and-Done
783,2025-09-25,Paid Social,2025-09,1,32.99,2025-09-25,112,One-and-Done
784,2025-09-25,Paid Social,2025-09,1,31.75,2025-09-27,110,One-and-Done
785,2025-09-27,Organic & Referral,2025-09,2,82.02,2025-12-13,33,Repeat Regulars
786,2025-09-20,Paid Social,2025-09,1,32.13,2025-09-20,117,One-and-Done
787,2025-09-14,Paid Social,2025-09,1,36.92,2025-09-16,121,One-and-Done
788,2025-09-15,Paid Social,2025-09,1,38.55,2025-09-16,121,One-and-Done
789,2025-09-06,Influencer - Micro,2025-09,2,59.75,2025-11-08,68,Repeat Regulars
790,2025-09-25,Influencer - Micro,2025-09,2,64.15,2025-11-14,62,Repeat Regulars
791,2025-09-21,Influencer - Micro,2025-09,2,67.96,2025-12-22,24,Repeat Regulars
792,2025-09-30,Organic & Referral,2025-09,2,61.43,2025-12-03,43,Repeat Regulars
793,2025-09-28,Paid Social,2025-09,1,26.38,2025-09-29,108,One-and-Done
794,2025-09-09,Paid Social,2025-09,1,27.46,2025-09-11,126,One-and-Done
795,2025-09-27,Paid Social,2025-09,1,30.48,2025-09-29,108,One-and-Done
796,2025-09-05,Paid Social,2025-09,2,60.71,2025-11-25,51,Repeat Regulars
797,2025-09-23,Organic & Referral,2025-09,1,36.48,2025-09-23,114,One-and-Done
798,2025-09-07,Organic & Referral,2025-09,1,39.15,2025-09-07,130,One-and-Done
799,2025-09-19,Paid Social,2025-09,1,34.35,2025-09-20,117,One-and-Done
800,2025-09-09,Organic & Referral,2025-09,2,73.93,2025-11-05,71,Repeat Regulars
801,2025-09-18,Paid Social,2025-09,1,31.43,2025-09-20,117,One-and-Done
802,2025-09-19,Paid Social,2025-09,1,30.4,2025-09-21,116,One-and-Done
803,2025-09-11,Organic & Referral,2025-09,1,33.81,2025-09-13,124,One-and-Done
804,2025-09-11,Paid Social,2025-09,1,27.56,2025-09-13,124,One-and-Done
805,2025-09-22,Paid Social,2025-09,1,35.17,2025-09-24,113,One-and-Done
806,2025-09-13,Paid Social,2025-09,2,65.45,2025-10-26,81,Repeat Regulars
807,2025-09-16,Paid Social,2025-09,1,42.99,2025-09-17,120,One-and-Done
808,2025-09-28,Paid Social,2025-09,1,31.13,2025-09-28,109,One-and-Done
809,2025-09-13,Paid Social,2025-09,1,31.84,2025-09-14,123,One-and-Done
810,2025-09-01,Paid Social,2025-09,1,31.25,2025-09-03,134,One-and-Done
811,2025-09-22,Influencer - Micro,2025-09,3,105.2,2026-01-12,3,VIP Glow Girls
812,2025-09-01,Organic & Referral,2025-09,1,36.33,2025-09-01,136,One-and-Done
813,2025-09-13,Paid Social,2025-09,1,31.51,2025-09-15,122,One-and-Done
814,2025-09-18,Organic & Referral,2025-09,3,101.38,2026-01-07,8,VIP Glow Girls
815,2025-09-26,Influencer - Micro,2025-09,2,65.94,2025-11-18,58,Repeat Regulars
816,2025-09-27,Paid Social,2025-09,1,27.88,2025-09-29,108,One-and-Done
817,2025-09-08,Paid Social,2025-09,1,30.02,2025-09-08,129,One-and-Done
818,2025-09-11,Organic & Referral,2025-09,1,36.3,2025-09-12,125,One-and-Done
819,2025-09-21,Influencer - Micro,2025-09,2,62.83,2025-12-20,26,Repeat Regulars
820,2025-09-21,Organic & Referral,2025-09,2,74.79,2025-12-16,30,Repeat Regulars
821,2025-09-08,Paid Social,2025-09,1,23.18,2025-09-08,129,One-and-Done
822,2025-09-19,Paid Social,2025-09,1,34.18,2025-09-21,116,One-and-Done
823,2025-09-28,Paid Social,2025-09,2,66.74000000000001,2025-12-26,20,Repeat Regulars
824,2025-09-04,Influencer - Macro,2025-09,1,38.38,2025-09-06,131,One-and-Done
825,2025-09-04,Paid Social,2025-09,2,66.93,2025-11-26,50,Repeat Regulars
826,2025-09-23,Paid Social,2025-09,1,28.96,2025-09-25,112,One-and-Done
827,2025-09-08,Paid Social,2025-09,1,28.47,2025-09-08,129,One-and-Done
828,2025-09-03,Paid Social,2025-09,1,35.66,2025-09-05,132,One-and-Done
829,2025-09-08,Paid Social,2025-09,2,69.9,2025-11-30,46,Repeat Regulars
830,2025-09-11,Influencer - Micro,2025-09,2,75.19,2025-12-09,37,Repeat Regulars
831,2025-09-30,Influencer - Macro,2025-09,1,38.91,2025-10-02,105,One-and-Done
832,2025-09-01,Influencer - Micro,2025-09,2,90.25,2025-10-16,91,Repeat Regulars
833,2025-09-20,Influencer - Micro,2025-09,1,39.1,2025-09-22,115,One-and-Done
834,2025-09-14,Paid Social,2025-09,1,41.97,2025-09-15,122,One-and-Done
835,2025-09-14,Influencer - Micro,2025-09,2,60.989999999999995,2025-11-28,48,Repeat Regulars
836,2025-10-30,Influencer - Micro,2025-10,1,31.61,2025-10-30,77,One-and-Done
837,2025-10-28,Paid Social,2025-10,1,27.76,2025-10-28,79,One-and-Done
838,2025-10-11,Organic & Referral,2025-10,1,33.11,2025-10-13,94,One-and-Done
839,2025-10-23,Influencer - Macro,2025-10,1,34.5,2025-10-24,83,One-and-Done
840,2025-10-03,Influencer - Macro,2025-10,1,29.83,2025-10-05,102,One-and-Done
841,2025-10-21,Paid Social,2025-10,1,28.05,2025-10-21,86,One-and-Done
842,2025-10-22,Organic & Referral,2025-10,2,71.37,2025-12-29,17,Repeat Regulars
843,2025-10-28,Influencer - Micro,2025-10,1,29.67,2025-10-30,77,One-and-Done
844,2025-10-25,Organic & Referral,2025-10,2,72.56,2025-12-06,40,Repeat Regulars
845,2025-10-09,Organic & Referral,2025-10,2,73.65,2025-11-27,49,Repeat Regulars
846,2025-10-28,Paid Social,2025-10,1,30.8,2025-10-28,79,One-and-Done
847,2025-10-01,Organic & Referral,2025-10,1,39.04,2025-10-01,106,One-and-Done
848,2025-10-07,Paid Social,2025-10,2,75.83,2026-01-06,9,Repeat Regulars
849,2025-10-17,Paid Social,2025-10,1,31.35,2025-10-17,90,One-and-Done
850,2025-10-08,Paid Social,2025-10,1,24.13,2025-10-09,98,One-and-Done
851,2025-10-19,Organic & Referral,2025-10,2,64.41,2026-01-13,2,Repeat Regulars
852,2025-10-25,Paid Social,2025-10,1,29.78,2025-10-26,81,One-and-Done
853,2025-10-01,Paid Social,2025-10,1,29.03,2025-10-03,104,One-and-Done
854,2025-10-19,Organic & Referral,2025-10,1,33.3,2025-10-20,87,One-and-Done
855,2025-10-21,Paid Social,2025-10,2,56.37,2026-01-03,12,Repeat Regulars
856,2025-10-09,Organic & Referral,2025-10,2,62.05,2025-12-23,23,Repeat Regulars
857,2025-10-11,Organic & Referral,2025-10,2,62.9,2025-12-22,24,Repeat Regulars
858,2025-10-30,Influencer - Micro,2025-10,1,34.36,2025-10-30,77,One-and-Done
859,2025-10-04,Influencer - Macro,2025-10,1,41.18,2025-10-05,102,One-and-Done
860,2025-10-25,Paid Social,2025-10,1,37.11,2025-10-27,80,One-and-Done
861,2025-10-11,Organic & Referral,2025-10,2,67.25999999999999,2025-11-28,48,Repeat Regulars
862,2025-10-29,Paid Social,2025-10,1,31.59,2025-10-30,77,One-and-Done
863,2025-10-09,Paid Social,2025-10,1,33.79,2025-10-10,97,One-and-Done
864,2025-10-18,Influencer - Macro,2025-10,1,34.04,2025-10-20,87,One-and-Done
865,2025-10-11,Paid Social,2025-10,2,56.1,2025-12-27,19,Repeat Regulars
866,2025-10-19,Paid Social,2025-10,1,30.19,2025-10-21,86,One-and-Done
867,2025-10-14,Influencer - Micro,2025-10,2,67.53999999999999,2026-01-15,0,Repeat Regulars
868,2025-10-31,Organic & Referral,2025-10,1,36.84,2025-11-02,74,One-and-Done
869,2025-10-29,Influencer - Micro,2025-10,1,31.31,2025-10-29,78,One-and-Done
870,2025-10-16,Organic & Referral,2025-10,2,67.57,2025-12-31,15,Repeat Regulars
871,2025-10-14,Influencer - Micro,2025-10,1,31.34,2025-10-15,92,One-and-Done
872,2025-10-23,Organic & Referral,2025-10,2,73.57,2025-12-20,26,Repeat Regulars
873,2025-10-24,Paid Social,2025-10,1,30.58,2025-10-25,82,One-and-Done
874,2025-10-07,Influencer - Macro,2025-10,2,69.54,2025-11-18,58,Repeat Regulars
875,2025-10-12,Influencer - Macro,2025-10,2,66.46000000000001,2026-01-07,8,Repeat Regulars
876,2025-10-25,Influencer - Macro,2025-10,1,31.76,2025-10-26,81,One-and-Done
877,2025-10-25,Paid Social,2025-10,1,39.74,2025-10-26,81,One-and-Done
878,2025-10-04,Organic & Referral,2025-10,1,29.33,2025-10-04,103,One-and-Done
879,2025-10-27,Paid Social,2025-10,2,63.989999999999995,2025-12-20,26,Repeat Regulars
880,2025-10-10,Paid Social,2025-10,2,65.53999999999999,2025-12-31,15,Repeat Regulars
881,2025-10-29,Paid Social,2025-10,1,37.78,2025-10-31,76,One-and-Done
882,2025-10-02,Paid Social,2025-10,1,28.52,2025-10-04,103,One-and-Done
883,2025-10-31,Paid Social,2025-10,1,32.85,2025-11-01,75,One-and-Done
884,2025-10-19,Paid Social,2025-10,1,24.53,2025-10-20,87,One-and-Done
885,2025-10-04,Paid Social,2025-10,1,34.64,2025-10-04,103,One-and-Done
886,2025-10-22,Organic & Referral,2025-10,2,82.44999999999999,2025-12-11,35,Repeat Regulars
887,2025-10-01,Paid Social,2025-10,1,33.67,2025-10-01,106,One-and-Done
888,2025-10-12,Influencer - Macro,2025-10,2,56.43,2025-12-04,42,Repeat Regulars
889,2025-10-08,Influencer - Micro,2025-10,2,73.52000000000001,2025-11-25,51,Repeat Regulars
890,2025-10-24,Paid Social,2025-10,1,34.95,2025-10-25,82,One-and-Done
891,2025-10-01,Paid Social,2025-10,1,30.66,2025-10-03,104,One-and-Done
892,2025-10-08,Organic & Referral,2025-10,1,33.91,2025-10-08,99,One-and-Done
893,2025-10-05,Paid Social,2025-10,1,28.92,2025-10-05,102,One-and-Done
894,2025-10-02,Paid Social,2025-10,2,82.5,2025-11-28,48,Repeat Regulars
895,2025-10-27,Paid Social,2025-10,1,28.25,2025-10-27,80,One-and-Done
896,2025-10-16,Influencer - Micro,2025-10,1,34.56,2025-10-17,90,One-and-Done
897,2025-10-03,Organic & Referral,2025-10,1,35.79,2025-10-05,102,One-and-Done
898,2025-10-27,Influencer - Macro,2025-10,1,31.79,2025-10-28,79,One-and-Done
899,2025-10-24,Paid Social,2025-10,1,32.3,2025-10-24,83,One-and-Done
900,2025-10-20,Organic & Referral,2025-10,2,60.83,2025-12-28,18,Repeat Regulars
901,2025-10-27,Paid Social,2025-10,1,28.32,2025-10-28,79,One-and-Done
902,2025-10-01,Organic & Referral,2025-10,1,25.13,2025-10-02,105,One-and-Done
903,2025-10-20,Paid Social,2025-10,1,33.2,2025-10-22,85,One-and-Done
904,2025-10-24,Organic & Referral,2025-10,2,69.22,2026-01-11,4,Repeat Regulars
905,2025-10-04,Paid Social,2025-10,1,26.96,2025-10-05,102,One-and-Done
906,2025-10-10,Paid Social,2025-10,2,74.32000000000001,2025-12-08,38,Repeat Regulars
907,2025-10-20,Influencer - Macro,2025-10,1,36.77,2025-10-21,86,One-and-Done
908,2025-10-24,Influencer - Micro,2025-10,2,71.27,2026-01-07,8,Repeat Regulars
909,2025-10-20,Paid Social,2025-10,1,31.31,2025-10-21,86,One-and-Done
910,2025-10-07,Influencer - Macro,2025-10,2,63.19,2025-12-10,36,Repeat Regulars
911,2025-10-11,Paid Social,2025-10,1,33.45,2025-10-11,96,One-and-Done
912,2025-10-22,Organic & Referral,2025-10,1,31.96,2025-10-23,84,One-and-Done
913,2025-10-07,Organic & Referral,2025-10,1,33.5,2025-10-08,99,One-and-Done
914,2025-10-02,Influencer - Micro,2025-10,2,62.17,2026-01-02,13,Repeat Regulars
915,2025-10-18,Organic & Referral,2025-10,2,75.57,2026-01-04,11,Repeat Regulars
916,2025-10-13,Influencer - Macro,2025-10,2,68.84,2025-11-27,49,Repeat Regulars
917,2025-10-13,Paid Social,2025-10,1,40.12,2025-10-14,93,One-and-Done
918,2025-10-04,Organic & Referral,2025-10,2,70.12,2025-12-05,41,Repeat Regulars
919,2025-10-14,Influencer - Macro,2025-10,2,70.30000000000001,2025-11-24,52,Repeat Regulars
920,2025-10-13,Influencer - Macro,2025-10,1,35.21,2025-10-13,94,One-and-Done
921,2025-11-11,Organic & Referral,2025-11,1,33.34,2025-11-13,63,One-and-Done
922,2025-11-12,Influencer - Macro,2025-11,1,34.11,2025-11-14,62,One-and-Done
923,2025-11-26,Paid Social,2025-11,1,34.76,2025-11-26,50,One-and-Done
924,2025-11-24,Paid Social,2025-11,1,37.55,2025-11-26,50,One-and-Done
925,2025-11-02,Organic & Referral,2025-11,1,40.18,2025-11-04,72,One-and-Done
926,2025-11-25,Influencer - Micro,2025-11,2,63.33,2026-01-10,5,Repeat Regulars
927,2025-11-14,Influencer - Micro,2025-11,1,33.24,2025-11-15,61,One-and-Done
928,2025-11-09,Paid Social,2025-11,2,61.77,2025-12-26,20,Repeat Regulars
929,2025-11-20,Organic & Referral,2025-11,1,20.8,2025-11-20,56,One-and-Done
930,2025-11-07,Paid Social,2025-11,1,28.09,2025-11-07,69,One-and-Done
931,2025-11-04,Paid Social,2025-11,2,67.09,2026-01-09,6,Repeat Regulars
932,2025-11-04,Influencer - Micro,2025-11,1,31.06,2025-11-06,70,One-and-Done
933,2025-11-26,Paid Social,2025-11,1,25.85,2025-11-27,49,One-and-Done
934,2025-11-12,Organic & Referral,2025-11,1,36.33,2025-11-12,64,One-and-Done
935,2025-11-11,Paid Social,2025-11,1,24.85,2025-11-12,64,One-and-Done
936,2025-11-08,Paid Social,2025-11,1,32.84,2025-11-09,67,One-and-Done
937,2025-11-24,Paid Social,2025-11,1,29.27,2025-11-24,52,One-and-Done
938,2025-11-27,Paid Social,2025-11,1,33.51,2025-11-28,48,One-and-Done
939,2025-11-23,Paid Social,2025-11,1,33.84,2025-11-24,52,One-and-Done
940,2025-11-04,Paid Social,2025-11,1,24.51,2025-11-06,70,One-and-Done
941,2025-11-26,Organic & Referral,2025-11,1,18.75,2025-11-27,49,One-and-Done
942,2025-11-14,Paid Social,2025-11,1,35.58,2025-11-15,61,One-and-Done
943,2025-11-09,Influencer - Micro,2025-11,1,31.64,2025-11-09,67,One-and-Done
944,2025-11-07,Paid Social,2025-11,1,38.14,2025-11-09,67,One-and-Done
945,2025-11-24,Influencer - Macro,2025-11,1,32.34,2025-11-26,50,One-and-Done
946,2025-11-06,Influencer - Micro,2025-11,1,32.06,2025-11-08,68,One-and-Done
947,2025-11-08,Influencer - Macro,2025-11,2,58.790000000000006,2026-01-01,14,Repeat Regulars
948,2025-11-14,Paid Social,2025-11,1,33.75,2025-11-16,60,One-and-Done
949,2025-11-10,Influencer - Micro,2025-11,1,29.76,2025-11-10,66,One-and-Done
950,2025-11-30,Influencer - Micro,2025-11,1,34.04,2025-12-01,45,One-and-Done
951,2025-11-27,Paid Social,2025-11,1,29.69,2025-11-28,48,One-and-Done
952,2025-11-15,Influencer - Micro,2025-11,1,28.98,2025-11-16,60,One-and-Done
953,2025-11-16,Paid Social,2025-11,1,32.34,2025-11-18,58,One-and-Done
954,2025-11-09,Organic & Referral,2025-11,1,31.8,2025-11-09,67,One-and-Done
955,2025-11-11,Paid Social,2025-11,1,31.26,2025-11-13,63,One-and-Done
956,2025-11-22,Influencer - Micro,2025-11,1,29.64,2025-11-23,53,One-and-Done
957,2025-11-26,Influencer - Micro,2025-11,1,29.07,2025-11-27,49,One-and-Done
958,2025-11-30,Paid Social,2025-11,1,29.74,2025-11-30,46,One-and-Done
959,2025-11-18,Paid Social,2025-11,1,22.55,2025-11-19,57,One-and-Done
960,2025-11-21,Influencer - Macro,2025-11,2,52.87,2026-01-14,1,Repeat Regulars
961,2025-11-16,Paid Social,2025-11,1,26.91,2025-11-16,60,One-and-Done
962,2025-11-07,Paid Social,2025-11,1,32.94,2025-11-07,69,One-and-Done
963,2025-11-18,Influencer - Micro,2025-11,2,67.71,2025-12-28,18,Repeat Regulars
964,2025-11-19,Paid Social,2025-11,2,80.34,2026-01-08,7,Repeat Regulars
965,2025-11-10,Influencer - Macro,2025-11,2,70.2,2026-01-12,3,Repeat Regulars
966,2025-11-04,Influencer - Micro,2025-11,1,24.02,2025-11-06,70,One-and-Done
967,2025-11-05,Organic & Referral,2025-11,1,27.65,2025-11-05,71,One-and-Done
968,2025-11-10,Influencer - Micro,2025-11,2,66.91,2025-12-31,15,Repeat Regulars
969,2025-11-09,Paid Social,2025-11,1,25.24,2025-11-11,65,One-and-Done
970,2025-11-10,Paid Social,2025-11,1,29.78,2025-11-10,66,One-and-Done
971,2025-11-30,Influencer - Micro,2025-11,1,34.61,2025-12-01,45,One-and-Done
972,2025-11-20,Organic & Referral,2025-11,1,28.86,2025-11-20,56,One-and-Done
973,2025-11-20,Influencer - Micro,2025-11,1,30.26,2025-11-21,55,One-and-Done
974,2025-11-26,Influencer - Micro,2025-11,1,31.14,2025-11-28,48,One-and-Done
975,2025-11-16,Organic & Referral,2025-11,2,57.36,2026-01-06,9,Repeat Regulars
976,2025-11-24,Paid Social,2025-11,1,38.28,2025-11-25,51,One-and-Done
977,2025-11-18,Paid Social,2025-11,1,21.59,2025-11-20,56,One-and-Done
978,2025-11-15,Influencer - Macro,2025-11,1,32.91,2025-11-16,60,One-and-Done
979,2025-11-24,Influencer - Macro,2025-11,1,35.93,2025-11-25,51,One-and-Done
980,2025-11-16,Paid Social,2025-11,1,31.53,2025-11-16,60,One-and-Done
981,2025-11-03,Influencer - Micro,2025-11,1,33.78,2025-11-03,73,One-and-Done
982,2025-11-08,Influencer - Micro,2025-11,1,32.51,2025-11-08,68,One-and-Done
983,2025-11-27,Paid Social,2025-11,1,36.86,2025-11-29,47,One-and-Done
984,2025-11-06,Influencer - Micro,2025-11,2,75.68,2025-12-24,22,Repeat Regulars
985,2025-11-30,Influencer - Macro,2025-11,1,39.48,2025-12-02,44,One-and-Done
986,2025-11-27,Influencer - Macro,2025-11,1,27.44,2025-11-28,48,One-and-Done
987,2025-11-25,Paid Social,2025-11,1,28.66,2025-11-26,50,One-and-Done
988,2025-11-09,Paid Social,2025-11,1,35.5,2025-11-11,65,One-and-Done
989,2025-11-22,Organic & Referral,2025-11,2,64.42,2026-01-12,3,Repeat Regulars
990,2025-11-28,Influencer - Macro,2025-11,1,33.77,2025-11-28,48,One-and-Done
991,2025-11-11,Influencer - Micro,2025-11,1,37.65,2025-11-12,64,One-and-Done
992,2025-11-09,Paid Social,2025-11,1,22.89,2025-11-11,65,One-and-Done
993,2025-11-16,Paid Social,2025-11,1,32.4,2025-11-17,59,One-and-Done
994,2025-11-15,Paid Social,2025-11,1,27.48,2025-11-17,59,One-and-Done
995,2025-11-22,Organic & Referral,2025-11,1,33.27,2025-11-23,53,One-and-Done
996,2025-11-13,Paid Social,2025-11,1,32.63,2025-11-13,63,One-and-Done
997,2025-11-13,Paid Social,2025-11,1,30.34,2025-11-15,61,One-and-Done
998,2025-11-29,Organic & Referral,2025-11,1,24.93,2025-11-29,47,One-and-Done
999,2025-11-04,Influencer - Macro,2025-11,1,29.77,2025-11-06,70,One-and-Done
1000,2025-11-28,Organic & Referral,2025-11,1,34.81,2025-11-29,47,One-and-Done
1001,2025-11-07,Paid Social,2025-11,1,34.93,2025-11-08,68,One-and-Done
1002,2025-11-19,Paid Social,2025-11,1,24.81,2025-11-21,55,One-and-Done
1003,2025-11-25,Organic & Referral,2025-11,1,33.38,2025-11-25,51,One-and-Done
1004,2025-11-11,Paid Social,2025-11,1,24.2,2025-11-11,65,One-and-Done
1005,2025-11-11,Paid Social,2025-11,1,28.61,2025-11-13,63,One-and-Done
1006,2025-11-06,Influencer - Micro,2025-11,2,60.92,2026-01-08,7,Repeat Regulars
1007,2025-11-16,Paid Social,2025-11,1,28.52,2025-11-16,60,One-and-Done
1008,2025-11-13,Paid Social,2025-11,1,24.05,2025-11-14,62,One-and-Done
1009,2025-11-02,Influencer - Micro,2025-11,1,27.92,2025-11-04,72,One-and-Done
1010,2025-11-28,Paid Social,2025-11,1,25.65,2025-11-28,48,One-and-Done
1011,2025-11-11,Paid Social,2025-11,2,62.4,2026-01-04,11,Repeat Regulars
1012,2025-11-02,Paid Social,2025-11,1,36.42,2025-11-04,72,One-and-Done
1013,2025-11-19,Influencer - Macro,2025-11,1,30.0,2025-11-21,55,One-and-Done
1014,2025-11-28,Paid Social,2025-11,1,18.88,2025-11-28,48,One-and-Done
1015,2025-11-27,Influencer - Macro,2025-11,1,36.12,2025-11-29,47,One-and-Done
1016,2025-11-30,Influencer - Macro,2025-11,1,36.1,2025-12-01,45,One-and-Done
1017,2025-11-01,Paid Social,2025-11,1,24.64,2025-11-02,74,One-and-Done
1018,2025-11-10,Influencer - Macro,2025-11,1,23.74,2025-11-10,66,One-and-Done
1019,2025-11-10,Influencer - Micro,2025-11,1,27.88,2025-11-11,65,One-and-Done
1020,2025-11-04,Paid Social,2025-11,1,21.36,2025-11-04,72,One-and-Done
1021,2025-11-23,Influencer - Micro,2025-11,1,26.95,2025-11-23,53,One-and-Done
1022,2025-11-04,Organic & Referral,2025-11,1,37.1,2025-11-06,70,One-and-Done
1023,2025-11-23,Organic & Referral,2025-11,1,37.48,2025-11-23,53,One-and-Done
1024,2025-11-01,Paid Social,2025-11,1,30.64,2025-11-01,75,One-and-Done
1025,2025-11-16,Organic & Referral,2025-11,1,32.17,2025-11-17,59,One-and-Done
1026,2025-11-12,Organic & Referral,2025-11,2,61.349999999999994,2025-12-25,21,Repeat Regulars
1027,2025-11-10,Influencer - Micro,2025-11,1,36.45,2025-11-11,65,One-and-Done
1028,2025-11-23,Paid Social,2025-11,1,29.61,2025-11-23,53,One-and-Done
1029,2025-11-04,Influencer - Macro,2025-11,1,30.61,2025-11-06,70,One-and-Done
1030,2025-11-23,Paid Social,2025-11,1,34.08,2025-11-25,51,One-and-Done
1031,2025-11-21,Paid Social,2025-11,1,28.57,2025-11-21,55,One-and-Done
1032,2025-11-12,Influencer - Macro,2025-11,2,76.33,2026-01-09,6,Repeat Regulars
1033,2025-11-27,Influencer - Micro,2025-11,1,24.82,2025-11-28,48,One-and-Done
1034,2025-11-23,Organic & Referral,2025-11,1,34.4,2025-11-25,51,One-and-Done
1035,2025-11-12,Influencer - Micro,2025-11,2,80.61,2025-12-25,21,Repeat Regulars
1036,2025-11-27,Influencer - Micro,2025-11,1,27.61,2025-11-27,49,One-and-Done
1037,2025-11-24,Influencer - Micro,2025-11,1,31.32,2025-11-25,51,One-and-Done
1038,2025-11-06,Paid Social,2025-11,1,30.1,2025-11-06,70,One-and-Done
1039,2025-11-08,Organic & Referral,2025-11,1,31.06,2025-11-08,68,One-and-Done
1040,2025-11-13,Paid Social,2025-11,1,35.98,2025-11-14,62,One-and-Done
1041,2025-11-22,Paid Social,2025-11,1,36.02,2025-11-23,53,One-and-Done
1042,2025-11-09,Influencer - Micro,2025-11,1,32.86,2025-11-09,67,One-and-Done
1043,2025-11-10,Influencer - Macro,2025-11,1,31.59,2025-11-12,64,One-and-Done
1044,2025-11-17,Paid Social,2025-11,1,34.4,2025-11-17,59,One-and-Done
1045,2025-11-20,Organic & Referral,2025-11,1,32.41,2025-11-20,56,One-and-Done
1046,2025-11-14,Paid Social,2025-11,1,32.07,2025-11-16,60,One-and-Done
1047,2025-11-11,Paid Social,2025-11,1,30.38,2025-11-12,64,One-and-Done
1048,2025-11-30,Paid Social,2025-11,1,29.09,2025-12-01,45,One-and-Done
1049,2025-11-27,Paid Social,2025-11,1,29.58,2025-11-29,47,One-and-Done
1050,2025-11-12,Paid Social,2025-11,1,32.56,2025-11-14,62,One-and-Done
1051,2025-11-27,Paid Social,2025-11,1,32.01,2025-11-28,48,One-and-Done
1052,2025-11-29,Paid Social,2025-11,1,31.58,2025-12-01,45,One-and-Done
1053,2025-11-26,Paid Social,2025-11,1,35.31,2025-11-28,48,One-and-Done
1054,2025-11-18,Organic & Referral,2025-11,1,34.47,2025-11-20,56,One-and-Done
1055,2025-11-30,Paid Social,2025-11,1,24.6,2025-11-30,46,One-and-Done
1056,2025-11-06,Influencer - Macro,2025-11,1,27.47,2025-11-08,68,One-and-Done
1057,2025-11-16,Influencer - Micro,2025-11,1,26.5,2025-11-17,59,One-and-Done
1058,2025-11-17,Paid Social,2025-11,1,35.63,2025-11-19,57,One-and-Done
1059,2025-11-30,Paid Social,2025-11,1,27.22,2025-12-01,45,One-and-Done
1060,2025-11-10,Paid Social,2025-11,1,42.58,2025-11-10,66,One-and-Done
1061,2025-12-04,Paid Social,2025-12,1,27.28,2025-12-06,40,One-and-Done
1062,2025-12-22,Paid Social,2025-12,1,40.85,2025-12-24,22,One-and-Done
1063,2025-12-30,Paid Social,2025-12,1,44.14,2025-12-31,15,One-and-Done
1064,2025-12-05,Influencer - Macro,2025-12,1,28.3,2025-12-07,39,One-and-Done
1065,2025-12-29,Paid Social,2025-12,1,33.99,2025-12-31,15,One-and-Done
1066,2025-12-10,Organic & Referral,2025-12,1,36.94,2025-12-12,34,One-and-Done
1067,2025-12-01,Influencer - Micro,2025-12,1,41.02,2025-12-02,44,One-and-Done
1068,2025-12-10,Influencer - Micro,2025-12,1,38.75,2025-12-11,35,One-and-Done
1069,2025-12-26,Influencer - Micro,2025-12,1,34.46,2025-12-27,19,One-and-Done
1070,2025-12-03,Paid Social,2025-12,1,37.36,2025-12-03,43,One-and-Done
1071,2025-12-01,Influencer - Micro,2025-12,1,22.34,2025-12-03,43,One-and-Done
1072,2025-12-26,Paid Social,2025-12,1,28.73,2025-12-27,19,One-and-Done
1073,2025-12-11,Paid Social,2025-12,1,40.14,2025-12-11,35,One-and-Done
1074,2025-12-01,Paid Social,2025-12,1,34.63,2025-12-03,43,One-and-Done
1075,2025-12-06,Paid Social,2025-12,1,33.99,2025-12-06,40,One-and-Done
1076,2025-12-06,Influencer - Macro,2025-12,1,37.51,2025-12-06,40,One-and-Done
1077,2025-12-02,Organic & Referral,2025-12,1,36.46,2025-12-02,44,One-and-Done
1078,2025-12-26,Paid Social,2025-12,1,33.0,2025-12-26,20,One-and-Done
1079,2025-12-25,Paid Social,2025-12,1,31.6,2025-12-27,19,One-and-Done
1080,2025-12-19,Influencer - Macro,2025-12,1,39.17,2025-12-21,25,One-and-Done
1081,2025-12-02,Paid Social,2025-12,1,29.18,2025-12-02,44,One-and-Done
1082,2025-12-17,Organic & Referral,2025-12,1,27.87,2025-12-18,28,One-and-Done
1083,2025-12-11,Influencer - Macro,2025-12,1,31.71,2025-12-13,33,One-and-Done
1084,2025-12-12,Influencer - Micro,2025-12,1,29.49,2025-12-14,32,One-and-Done
1085,2025-12-20,Influencer - Micro,2025-12,1,30.38,2025-12-22,24,One-and-Done
1086,2025-12-28,Paid Social,2025-12,1,29.25,2025-12-28,18,One-and-Done
1087,2025-12-11,Organic & Referral,2025-12,1,40.91,2025-12-11,35,One-and-Done
1088,2025-12-01,Paid Social,2025-12,1,28.88,2025-12-02,44,One-and-Done
1089,2025-12-08,Paid Social,2025-12,1,31.93,2025-12-09,37,One-and-Done
1090,2025-12-04,Paid Social,2025-12,1,30.42,2025-12-05,41,One-and-Done
1091,2025-12-12,Paid Social,2025-12,1,38.13,2025-12-14,32,One-and-Done
1092,2025-12-21,Influencer - Micro,2025-12,1,33.9,2025-12-22,24,One-and-Done
1093,2025-12-04,Influencer - Micro,2025-12,1,30.68,2025-12-04,42,One-and-Done
1094,2025-12-14,Paid Social,2025-12,1,40.02,2025-12-14,32,One-and-Done
1095,2025-12-09,Paid Social,2025-12,1,28.8,2025-12-09,37,One-and-Done
1096,2025-12-02,Paid Social,2025-12,1,35.1,2025-12-02,44,One-and-Done
1097,2025-12-05,Paid Social,2025-12,1,34.92,2025-12-05,41,One-and-Done
1098,2025-12-23,Organic & Referral,2025-12,1,37.94,2025-12-24,22,One-and-Done
1099,2025-12-26,Influencer - Micro,2025-12,1,25.38,2025-12-27,19,One-and-Done
1100,2025-12-15,Paid Social,2025-12,1,37.78,2025-12-15,31,One-and-Done
1101,2025-12-24,Influencer - Macro,2025-12,1,26.57,2025-12-24,22,One-and-Done
1102,2025-12-01,Organic & Referral,2025-12,1,38.44,2025-12-02,44,One-and-Done
1103,2025-12-18,Paid Social,2025-12,1,38.8,2025-12-18,28,One-and-Done
1104,2025-12-24,Influencer - Micro,2025-12,1,36.79,2025-12-26,20,One-and-Done
1105,2025-12-02,Influencer - Macro,2025-12,1,26.0,2025-12-02,44,One-and-Done
1106,2025-12-11,Paid Social,2025-12,1,35.58,2025-12-11,35,One-and-Done
1107,2025-12-28,Paid Social,2025-12,1,32.49,2025-12-29,17,One-and-Done
1108,2025-12-21,Paid Social,2025-12,1,24.46,2025-12-21,25,One-and-Done
1109,2025-12-29,Influencer - Micro,2025-12,1,37.09,2025-12-31,15,One-and-Done
1110,2025-12-27,Organic & Referral,2025-12,1,29.05,2025-12-27,19,One-and-Done
1111,2025-12-02,Paid Social,2025-12,1,34.42,2025-12-02,44,One-and-Done
1112,2025-12-11,Paid Social,2025-12,1,35.64,2025-12-13,33,One-and-Done
1113,2025-12-31,Paid Social,2025-12,1,23.99,2026-01-01,14,One-and-Done
1114,2025-12-21,Organic & Referral,2025-12,1,32.8,2025-12-22,24,One-and-Done
1115,2025-12-30,Organic & Referral,2025-12,1,40.79,2026-01-01,14,One-and-Done
1116,2025-12-07,Paid Social,2025-12,1,34.85,2025-12-08,38,One-and-Done
1117,2025-12-30,Paid Social,2025-12,1,35.12,2025-12-31,15,One-and-Done
1118,2025-12-09,Paid Social,2025-12,1,31.19,2025-12-10,36,One-and-Done
1119,2025-12-08,Organic & Referral,2025-12,1,27.12,2025-12-09,37,One-and-Done
1120,2025-12-18,Paid Social,2025-12,1,33.86,2025-12-19,27,One-and-Done
1121,2025-12-09,Influencer - Macro,2025-12,1,29.61,2025-12-11,35,One-and-Done
1122,2025-12-14,Influencer - Micro,2025-12,1,33.35,2025-12-15,31,One-and-Done
1123,2025-12-18,Organic & Referral,2025-12,1,35.18,2025-12-19,27,One-and-Done
1124,2025-12-23,Organic & Referral,2025-12,1,29.34,2025-12-25,21,One-and-Done
1125,2025-12-09,Organic & Referral,2025-12,1,36.04,2025-12-11,35,One-and-Done
1126,2025-12-08,Paid Social,2025-12,1,28.48,2025-12-10,36,One-and-Done
1127,2025-12-19,Paid Social,2025-12,1,30.73,2025-12-19,27,One-and-Done
1128,2025-12-10,Organic & Referral,2025-12,1,29.28,2025-12-12,34,One-and-Done
1129,2025-12-01,Paid Social,2025-12,1,29.0,2025-12-02,44,One-and-Done
1130,2025-12-24,Influencer - Micro,2025-12,1,28.16,2025-12-24,22,One-and-Done
1131,2025-12-14,Organic & Referral,2025-12,1,26.55,2025-12-14,32,One-and-Done
1132,2025-12-03,Influencer - Macro,2025-12,1,27.27,2025-12-04,42,One-and-Done
1133,2025-12-06,Paid Social,2025-12,1,32.86,2025-12-07,39,One-and-Done
1134,2025-12-20,Paid Social,2025-12,1,32.06,2025-12-22,24,One-and-Done
1135,2025-12-26,Paid Social,2025-12,1,24.29,2025-12-26,20,One-and-Done
1136,2025-12-14,Influencer - Micro,2025-12,1,32.37,2025-12-14,32,One-and-Done
1137,2025-12-06,Paid Social,2025-12,1,27.06,2025-12-08,38,One-and-Done
1138,2025-12-19,Influencer - Micro,2025-12,1,27.97,2025-12-21,25,One-and-Done
1139,2025-12-07,Organic & Referral,2025-12,1,24.95,2025-12-07,39,One-and-Done
1140,2025-12-17,Influencer - Micro,2025-12,1,30.86,2025-12-17,29,One-and-Done
1141,2025-12-07,Paid Social,2025-12,1,31.78,2025-12-09,37,One-and-Done
1142,2025-12-22,Paid Social,2025-12,1,26.23,2025-12-23,23,One-and-Done
1143,2025-12-21,Influencer - Micro,2025-12,1,34.82,2025-12-22,24,One-and-Done
1144,2025-12-27,Influencer - Micro,2025-12,1,33.85,2025-12-27,19,One-and-Done
1145,2025-12-31,Paid Social,2025-12,1,31.67,2026-01-01,14,One-and-Done
1146,2025-12-27,Influencer - Macro,2025-12,1,36.94,2025-12-29,17,One-and-Done
1147,2025-12-19,Influencer - Micro,2025-12,1,31.21,2025-12-21,25,One-and-Done
1148,2025-12-20,Paid Social,2025-12,1,31.14,2025-12-20,26,One-and-Done
1149,2025-12-08,Organic & Referral,2025-12,1,34.47,2025-12-09,37,One-and-Done
1150,2025-12-17,Paid Social,2025-12,1,40.12,2025-12-19,27,One-and-Done
1151,2025-12-28,Paid Social,2025-12,1,28.13,2025-12-30,16,One-and-Done
1152,2025-12-27,Organic & Referral,2025-12,1,25.94,2025-12-27,19,One-and-Done
1153,2025-12-04,Paid Social,2025-12,1,36.32,2025-12-05,41,One-and-Done
1154,2025-12-17,Paid Social,2025-12,1,35.11,2025-12-18,28,One-and-Done
1155,2025-12-27,Paid Social,2025-12,1,34.03,2025-12-28,18,One-and-Done
1156,2025-12-24,Paid Social,2025-12,1,37.13,2025-12-26,20,One-and-Done
1157,2025-12-22,Paid Social,2025-12,1,39.51,2025-12-23,23,One-and-Done
1158,2025-12-31,Paid Social,2025-12,1,32.79,2025-12-31,15,One-and-Done
1159,2025-12-03,Influencer - Macro,2025-12,1,27.04,2025-12-05,41,One-and-Done
1160,2025-12-28,Paid Social,2025-12,1,36.67,2025-12-30,16,One-and-Done
1161,2025-12-21,Influencer - Micro,2025-12,1,33.6,2025-12-21,25,One-and-Done
1162,2025-12-10,Paid Social,2025-12,1,33.44,2025-12-10,36,One-and-Done
1163,2025-12-16,Influencer - Micro,2025-12,1,38.71,2025-12-18,28,One-and-Done
1164,2025-12-03,Paid Social,2025-12,1,31.56,2025-12-05,41,One-and-Done
1165,2025-12-01,Paid Social,2025-12,1,32.51,2025-12-02,44,One-and-Done
1166,2025-12-12,Paid Social,2025-12,1,36.61,2025-12-14,32,One-and-Done
1167,2025-12-29,Influencer - Micro,2025-12,1,39.25,2025-12-31,15,One-and-Done
1168,2025-12-08,Influencer - Micro,2025-12,1,31.46,2025-12-08,38,One-and-Done
1169,2025-12-11,Organic & Referral,2025-12,1,34.36,2025-12-13,33,One-and-Done
1170,2025-12-07,Influencer - Micro,2025-12,1,35.31,2025-12-07,39,One-and-Done
