customer_id,signup_date,acquisition_channel,acquisition_month
1,2025-01-26,Influencer - Macro,2025-01
2,2025-01-05,Influencer - Macro,2025-01
3,2025-01-17,Influencer - Macro,2025-01
4,2025-01-01,Influencer - Micro,2025-01
5,2025-01-23,Influencer - Macro,2025-01
6,2025-01-27,Paid Social,2025-01
7,2025-01-08,Paid Social,2025-01
8,2025-01-24,Influencer - Macro,2025-01
9,2025-01-29,Paid Social,2025-01
10,2025-01-09,Paid Social,2025-01
11,2025-01-31,Influencer - Macro,2025-01
12,2025-01-29,Influencer - Macro,2025-01
13,2025-01-06,Influencer - Micro,2025-01
14,2025-01-25,Influencer - Macro,2025-01
15,2025-01-08,Influencer - Macro,2025-01
16,2025-01-13,Influencer - Macro,2025-01
17,2025-01-17,Paid Social,2025-01
18,2025-01-08,Influencer - Micro,2025-01
19,2025-01-20,Paid Social,2025-01
20,2025-01-17,Paid Social,2025-01
21,2025-01-15,Influencer - Macro,2025-01
22,2025-01-09,Influencer - Micro,2025-01
23,2025-01-14,Influencer - Macro,2025-01
24,2025-01-30,Influencer - Macro,2025-01
25,2025-01-11,Influencer - Micro,2025-01
26,2025-01-21,Influencer - Macro,2025-01
27,2025-01-20,Influencer - Micro,2025-01
28,2025-01-07,Paid Social,2025-01
29,2025-01-30,Influencer - Micro,2025-01
30,2025-01-25,Influencer - Micro,2025-01
31,2025-01-20,Influencer - Micro,2025-01
32,2025-01-18,Influencer - Macro,2025-01
33,2025-01-24,Influencer - Macro,2025-01
34,2025-01-21,Influencer - Macro,2025-01
35,2025-01-21,Influencer - Macro,2025-01
36,2025-01-24,Influencer - Macro,2025-01
37,2025-01-23,Paid Social,2025-01
38,2025-01-30,Influencer - Macro,2025-01
39,2025-01-05,Influencer - Macro,2025-01
40,2025-01-27,Influencer - Macro,2025-01
41,2025-01-28,Influencer - Macro,2025-01
42,2025-01-02,Influencer - Micro,2025-01
43,2025-01-23,Influencer - Micro,2025-01
44,2025-01-10,Paid Social,2025-01
45,2025-01-23,Influencer - Micro,2025-01
46,2025-01-02,Influencer - Macro,2025-01
47,2025-01-02,Paid Social,2025-01
48,2025-01-28,Influencer - Macro,2025-01
49,2025-01-29,Influencer - Macro,2025-01
50,2025-01-19,Influencer - Macro,2025-01
51,2025-01-27,Paid Social,2025-01
52,2025-01-29,Influencer - Macro,2025-01
53,2025-01-17,Influencer - Macro,2025-01
54,2025-01-23,Influencer - Micro,2025-01
55,2025-01-23,Influencer - Macro,2025-01
56,2025-01-13,Influencer - Micro,2025-01
57,2025-01-31,Influencer - Macro,2025-01
58,2025-01-13,Influencer - Macro,2025-01
59,2025-01-14,Influencer - Macro,2025-01
60,2025-01-22,Influencer - Micro,2025-01
61,2025-01-05,Influencer - Macro,2025-01
62,2025-01-14,Influencer - Macro,2025-01
63,2025-01-29,Influencer - Macro,2025-01
64,2025-01-05,Organic & Referral,2025-01
65,2025-01-19,Organic & Referral,2025-01
66,2025-01-20,Influencer - Micro,2025-01
67,2025-01-07,Influencer - Macro,2025-01
68,2025-01-30,Organic & Referral,2025-01
69,2025-01-04,Paid Social,2025-01
70,2025-01-09,Paid Social,2025-01
71,2025-01-12,Influencer - Macro,2025-01
72,2025-01-27,Influencer - Macro,2025-01
73,2025-01-11,Influencer - Macro,2025-01
74,2025-01-24,Organic & Referral,2025-01
75,2025-01-12,Influencer - Macro,2025-01
76,2025-01-24,Influencer - Macro,2025-01
77,2025-01-22,Influencer - Macro,2025-01
78,2025-01-01,Influencer - Micro,2025-01
79,2025-01-06,Influencer - Macro,2025-01
80,2025-01-31,Paid Social,2025-01
81,2025-01-31,Paid Social,2025-01
82,2025-01-13,Paid Social,2025-01
83,2025-01-30,Influencer - Macro,2025-01
84,2025-01-16,Influencer - Micro,2025-01
85,2025-01-03,Influencer - Micro,2025-01
86,2025-01-20,Influencer - Micro,2025-01
87,2025-01-29,Influencer - Macro,2025-01
88,2025-01-22,Influencer - Macro,2025-01
89,2025-01-10,Influencer - Macro,2025-01
90,2025-01-19,Influencer - Macro,2025-01
91,2025-01-13,Influencer - Macro,2025-01
92,2025-01-22,Influencer - Macro,2025-01
93,2025-01-18,Influencer - Macro,2025-01
94,2025-01-17,Influencer - Micro,2025-01
95,2025-01-28,Influencer - Macro,2025-01
96,2025-01-16,Organic & Referral,2025-01
97,2025-01-15,Influencer - Micro,2025-01
98,2025-01-26,Influencer - Macro,2025-01
99,2025-01-13,Influencer - Micro,2025-01
100,2025-01-28,Influencer - Macro,2025-01
101,2025-01-08,Organic & Referral,2025-01
102,2025-01-18,Influencer - Macro,2025-01
103,2025-01-26,Paid Social,2025-01
104,2025-01-02,Influencer - Macro,2025-01
105,2025-01-23,Influencer - Macro,2025-01
106,2025-01-08,Influencer - Macro,2025-01
107,2025-01-09,Organic & Referral,2025-01
108,2025-01-25,Influencer - Micro,2025-01
109,2025-01-14,Influencer - Macro,2025-01
110,2025-01-27,Influencer - Macro,2025-01
111,2025-01-14,Influencer - Macro,2025-01
112,2025-01-20,Influencer - Micro,2025-01
113,2025-01-18,Influencer - Macro,2025-01
114,2025-01-07,Influencer - Macro,2025-01
115,2025-01-20,Paid Social,2025-01
116,2025-01-30,Paid Social,2025-01
117,2025-01-09,Influencer - Macro,2025-01
118,2025-01-11,Influencer - Micro,2025-01
119,2025-01-24,Influencer - Macro,2025-01
120,2025-01-10,Influencer - Micro,2025-01
121,2025-01-05,Influencer - Macro,2025-01
122,2025-01-25,Influencer - Micro,2025-01
123,2025-01-15,Paid Social,2025-01
124,2025-01-26,Paid Social,2025-01
125,2025-01-25,Influencer - Macro,2025-01
126,2025-01-15,Organic & Referral,2025-01
127,2025-01-14,Influencer - Macro,2025-01
128,2025-01-08,Influencer - Macro,2025-01
129,2025-01-27,Influencer - Micro,2025-01
130,2025-01-16,Influencer - Macro,2025-01
131,2025-01-29,Paid Social,2025-01
132,2025-01-24,Paid Social,2025-01
133,2025-01-15,Influencer - Macro,2025-01
134,2025-01-02,Organic & Referral,2025-01
135,2025-01-15,Influencer - Macro,2025-01
136,2025-01-22,Influencer - Micro,2025-01
137,2025-01-17,Influencer - Macro,2025-01
138,2025-01-31,Organic & Referral,2025-01
139,2025-01-18,Influencer - Macro,2025-01
140,2025-01-03,Influencer - Macro,2025-01
141,2025-01-17,Influencer - Macro,2025-01
142,2025-01-12,Organic & Referral,2025-01
143,2025-01-27,Paid Social,2025-01
144,2025-01-04,Paid Social,2025-01
145,2025-01-05,Paid Social,2025-01
146,2025-01-18,Paid Social,2025-01
147,2025-01-03,Influencer - Micro,2025-01
148,2025-01-06,Influencer - Macro,2025-01
149,2025-01-05,Paid Social,2025-01
150,2025-01-06,Influencer - Micro,2025-01
151,2025-01-28,Influencer - Macro,2025-01
152,2025-01-18,Influencer - Macro,2025-01
153,2025-01-23,Paid Social,2025-01
154,2025-01-31,Influencer - Macro,2025-01
155,2025-01-01,Organic & Referral,2025-01
156,2025-01-13,Influencer - Macro,2025-01
157,2025-01-07,Influencer - Macro,2025-01
158,2025-01-23,Paid Social,2025-01
159,2025-01-17,Influencer - Macro,2025-01
160,2025-01-27,Influencer - Macro,2025-01
161,2025-01-24,Influencer - Micro,2025-01
162,2025-01-12,Paid Social,2025-01
163,2025-01-13,Influencer - Macro,2025-01
164,2025-01-19,Influencer - Macro,2025-01
165,2025-01-24,Paid Social,2025-01
166,2025-01-02,Organic & Referral,2025-01
167,2025-01-04,Influencer - Micro,2025-01
168,2025-01-15,Influencer - Macro,2025-01
169,2025-01-03,Influencer - Macro,2025-01
170,2025-01-28,Influencer - Macro,2025-01
171,2025-01-24,Influencer - Macro,2025-01
172,2025-01-31,Influencer - Micro,2025-01
173,2025-01-27,Influencer - Macro,2025-01
174,2025-01-17,Influencer - Micro,2025-01
175,2025-01-13,Influencer - Micro,2025-01
176,2025-01-06,Influencer - Micro,2025-01
177,2025-01-18,Influencer - Macro,2025-01
178,2025-01-23,Paid Social,2025-01
179,2025-01-30,Paid Social,2025-01
180,2025-01-17,Paid Social,2025-01
181,2025-02-10,Paid Social,2025-02
182,2025-02-13,Organic & Referral,2025-02
183,2025-02-26,Influencer - Macro,2025-02
184,2025-02-28,Paid Social,2025-02
185,2025-02-22,Influencer - Macro,2025-02
186,2025-02-11,Influencer - Micro,2025-02
187,2025-02-09,Influencer - Macro,2025-02
188,2025-02-10,Influencer - Macro,2025-02
189,2025-02-09,Organic & Referral,2025-02
190,2025-02-18,Influencer - Micro,2025-02
191,2025-02-02,Paid Social,2025-02
192,2025-02-08,Paid Social,2025-02
193,2025-02-07,Influencer - Micro,2025-02
194,2025-02-01,Paid Social,2025-02
195,2025-02-21,Influencer - Macro,2025-02
196,2025-02-10,Organic & Referral,2025-02
197,2025-02-27,Organic & Referral,2025-02
198,2025-02-21,Paid Social,2025-02
199,2025-02-08,Paid Social,2025-02
200,2025-02-10,Influencer - Macro,2025-02
201,2025-02-08,Organic & Referral,2025-02
202,2025-02-02,Influencer - Micro,2025-02
203,2025-02-17,Influencer - Macro,2025-02
204,2025-02-16,Influencer - Micro,2025-02
205,2025-02-07,Paid Social,2025-02
206,2025-02-02,Paid Social,2025-02
207,2025-02-19,Paid Social,2025-02
208,2025-02-25,Paid Social,2025-02
209,2025-02-06,Influencer - Macro,2025-02
210,2025-02-09,Organic & Referral,2025-02
211,2025-02-16,Influencer - Micro,2025-02
212,2025-02-01,Paid Social,2025-02
213,2025-02-14,Influencer - Macro,2025-02
214,2025-02-22,Organic & Referral,2025-02
215,2025-02-11,Influencer - Micro,2025-02
216,2025-02-09,Influencer - Macro,2025-02
217,2025-02-22,Paid Social,2025-02
218,2025-02-24,Influencer - Macro,2025-02
219,2025-02-25,Influencer - Macro,2025-02
220,2025-02-15,Paid Social,2025-02
221,2025-02-06,Influencer - Micro,2025-02
222,2025-02-11,Organic & Referral,2025-02
223,2025-02-06,Influencer - Micro,2025-02
224,2025-02-24,Paid Social,2025-02
225,2025-02-14,Paid Social,2025-02
226,2025-02-26,Paid Social,2025-02
227,2025-02-15,Paid Social,2025-02
228,2025-02-23,Paid Social,2025-02
229,2025-02-17,Organic & Referral,2025-02
230,2025-02-18,Influencer - Micro,2025-02
231,2025-02-11,Influencer - Macro,2025-02
232,2025-02-16,Paid Social,2025-02
233,2025-02-16,Organic & Referral,2025-02
234,2025-02-25,Influencer - Macro,2025-02
235,2025-02-15,Influencer - Micro,2025-02
236,2025-02-06,Organic & Referral,2025-02
237,2025-02-27,Paid Social,2025-02
238,2025-02-03,Organic & Referral,2025-02
239,2025-02-07,Paid Social,2025-02
240,2025-02-23,Paid Social,2025-02
241,2025-02-11,Influencer - Micro,2025-02
242,2025-02-05,Organic & Referral,2025-02
243,2025-02-16,Influencer - Micro,2025-02
244,2025-02-24,Paid Social,2025-02
245,2025-02-25,Influencer - Micro,2025-02
246,2025-02-14,Paid Social,2025-02
247,2025-02-18,Paid Social,2025-02
248,2025-02-12,Paid Social,2025-02
249,2025-02-24,Organic & Referral,2025-02
250,2025-02-25,Influencer - Micro,2025-02
251,2025-02-23,Paid Social,2025-02
252,2025-02-27,Influencer - Micro,2025-02
253,2025-02-07,Influencer - Micro,2025-02
254,2025-02-19,Influencer - Micro,2025-02
255,2025-02-14,Influencer - Macro,2025-02
256,2025-02-16,Influencer - Macro,2025-02
257,2025-02-27,Paid Social,2025-02
258,2025-02-25,Paid Social,2025-02
259,2025-02-28,Paid Social,2025-02
260,2025-02-23,Influencer - Macro,2025-02
261,2025-02-06,Influencer - Micro,2025-02
262,2025-02-16,Influencer - Macro,2025-02
263,2025-02-11,Paid Social,2025-02
264,2025-02-09,Organic & Referral,2025-02
265,2025-02-07,Influencer - Macro,2025-02
266,2025-02-13,Paid Social,2025-02
267,2025-02-06,Influencer - Macro,2025-02
268,2025-02-22,Influencer - Micro,2025-02
269,2025-02-23,Influencer - Macro,2025-02
270,2025-02-25,Influencer - Micro,2025-02
271,2025-02-08,Paid Social,2025-02
272,2025-02-15,Organic & Referral,2025-02
273,2025-02-18,Influencer - Macro,2025-02
274,2025-02-07,Paid Social,2025-02
275,2025-02-11,Paid Social,2025-02
276,2025-02-06,Organic & Referral,2025-02
277,2025-02-01,Paid Social,2025-02
278,2025-02-03,Influencer - Micro,2025-02
279,2025-02-28,Paid Social,2025-02
280,2025-02-21,Influencer - Micro,2025-02
281,2025-02-01,Organic & Referral,2025-02
282,2025-02-21,Influencer - Micro,2025-02
283,2025-02-21,Paid Social,2025-02
284,2025-02-06,Influencer - Macro,2025-02
285,2025-02-13,Influencer - Micro,2025-02
286,2025-02-20,Organic & Referral,2025-02
287,2025-02-11,Paid Social,2025-02
288,2025-02-15,Influencer - Micro,2025-02
289,2025-02-06,Organic & Referral,2025-02
290,2025-02-06,Organic & Referral,2025-02
291,2025-03-28,Influencer - Micro,2025-03
292,2025-03-07,Paid Social,2025-03
293,2025-03-31,Paid Social,2025-03
294,2025-03-05,Influencer - Macro,2025-03
295,2025-03-13,Influencer - Micro,2025-03
296,2025-03-20,Influencer - Micro,2025-03
297,2025-03-13,Influencer - Macro,2025-03
298,2025-03-08,Paid Social,2025-03
299,2025-03-04,Paid Social,2025-03
300,2025-03-06,Influencer - Macro,2025-03
301,2025-03-25,Paid Social,2025-03
302,2025-03-09,Paid Social,2025-03
303,2025-03-05,Paid Social,2025-03
304,2025-03-07,Organic & Referral,2025-03
305,2025-03-02,Paid Social,2025-03
306,2025-03-25,Organic & Referral,2025-03
307,2025-03-17,Influencer - Micro,2025-03
308,2025-03-19,Paid Social,2025-03
309,2025-03-04,Influencer - Micro,2025-03
310,2025-03-06,Paid Social,2025-03
311,2025-03-05,Paid Social,2025-03
312,2025-03-08,Influencer - Micro,2025-03
313,2025-03-19,Paid Social,2025-03
314,2025-03-29,Influencer - Micro,2025-03
315,2025-03-01,Influencer - Micro,2025-03
316,2025-03-13,Influencer - Macro,2025-03
317,2025-03-03,Paid Social,2025-03
318,2025-03-20,Influencer - Micro,2025-03
319,2025-03-19,Paid Social,2025-03
320,2025-03-25,Influencer - Micro,2025-03
321,2025-03-19,Paid Social,2025-03
322,2025-03-01,Organic & Referral,2025-03
323,2025-03-24,Paid Social,2025-03
324,2025-03-27,Paid Social,2025-03
325,2025-03-07,Organic & Referral,2025-03
326,2025-03-30,Organic & Referral,2025-03
327,2025-03-24,Paid Social,2025-03
328,2025-03-14,Organic & Referral,2025-03
329,2025-03-31,Organic & Referral,2025-03
330,2025-03-23,Paid Social,2025-03
331,2025-03-13,Paid Social,2025-03
332,2025-03-30,Influencer - Macro,2025-03
333,2025-03-06,Influencer - Macro,2025-03
334,2025-03-25,Paid Social,2025-03
335,2025-03-25,Paid Social,2025-03
336,2025-03-21,Paid Social,2025-03
337,2025-03-07,Paid Social,2025-03
338,2025-03-21,Paid Social,2025-03
339,2025-03-08,Organic & Referral,2025-03
340,2025-03-14,Influencer - Macro,2025-03
341,2025-03-22,Influencer - Micro,2025-03
342,2025-03-14,Paid Social,2025-03
343,2025-03-26,Organic & Referral,2025-03
344,2025-03-15,Organic & Referral,2025-03
345,2025-03-29,Organic & Referral,2025-03
346,2025-03-16,Organic & Referral,2025-03
347,2025-03-31,Influencer - Micro,2025-03
348,2025-03-17,Paid Social,2025-03
349,2025-03-31,Influencer - Micro,2025-03
350,2025-03-20,Paid Social,2025-03
351,2025-03-13,Organic & Referral,2025-03
352,2025-03-29,Influencer - Micro,2025-03
353,2025-03-09,Paid Social,2025-03
354,2025-03-31,Influencer - Micro,2025-03
355,2025-03-07,Influencer - Micro,2025-03
356,2025-03-14,Influencer - Micro,2025-03
357,2025-03-30,Influencer - Macro,2025-03
358,2025-03-03,Organic & Referral,2025-03
359,2025-03-13,Paid Social,2025-03
360,2025-03-14,Organic & Referral,2025-03
361,2025-03-06,Paid Social,2025-03
362,2025-03-25,Influencer - Micro,2025-03
363,2025-03-19,Influencer - Micro,2025-03
364,2025-03-03,Organic & Referral,2025-03
365,2025-03-01,Influencer - Micro,2025-03
366,2025-03-07,Organic & Referral,2025-03
367,2025-03-18,Influencer - Macro,2025-03
368,2025-03-23,Paid Social,2025-03
369,2025-03-15,Organic & Referral,2025-03
370,2025-03-20,Influencer - Micro,2025-03
371,2025-03-22,Influencer - Micro,2025-03
372,2025-03-14,Organic & Referral,2025-03
373,2025-03-07,Influencer - Micro,2025-03
374,2025-03-25,Paid Social,2025-03
375,2025-03-30,Paid Social,2025-03
376,2025-03-16,Influencer - Micro,2025-03
377,2025-03-23,Paid Social,2025-03
378,2025-03-16,Paid Social,2025-03
379,2025-03-19,Paid Social,2025-03
380,2025-03-30,Organic & Referral,2025-03
381,2025-04-30,Influencer - Micro,2025-04
382,2025-04-05,Paid Social,2025-04
383,2025-04-26,Organic & Referral,2025-04
384,2025-04-07,Influencer - Micro,2025-04
385,2025-04-12,Paid Social,2025-04
386,2025-04-06,Organic & Referral,2025-04
387,2025-04-11,Influencer - Micro,2025-04
388,2025-04-14,Influencer - Macro,2025-04
389,2025-04-18,Paid Social,2025-04
390,2025-04-11,Paid Social,2025-04
391,2025-04-04,Influencer - Macro,2025-04
392,2025-04-04,Paid Social,2025-04
393,2025-04-19,Paid Social,2025-04
394,2025-04-24,Influencer - Micro,2025-04
395,2025-04-11,Paid Social,2025-04
396,2025-04-28,Organic & Referral,2025-04
397,2025-04-18,Paid Social,2025-04
398,2025-04-24,Organic & Referral,2025-04
399,2025-04-03,Paid Social,2025-04
400,2025-04-06,Organic & Referral,2025-04
401,2025-04-23,Paid Social,2025-04
402,2025-04-24,Influencer - Micro,2025-04
403,2025-04-14,Organic & Referral,2025-04
404,2025-04-23,Paid Social,2025-04
405,2025-04-15,Influencer - Micro,2025-04
406,2025-04-11,Influencer - Micro,2025-04
407,2025-04-25,Paid Social,2025-04
408,2025-04-24,Influencer - Macro,2025-04
409,2025-04-10,Influencer - Micro,2025-04
410,2025-04-01,Influencer - Micro,2025-04
411,2025-04-20,Paid Social,2025-04
412,2025-04-27,Paid Social,2025-04
413,2025-04-18,Paid Social,2025-04
414,2025-04-05,Influencer - Micro,2025-04
415,2025-04-14,Influencer - Macro,2025-04
416,2025-04-11,Paid Social,2025-04
417,2025-04-23,Paid Social,2025-04
418,2025-04-26,Paid Social,2025-04
419,2025-04-02,Influencer - Micro,2025-04
420,2025-04-20,Influencer - Macro,2025-04
421,2025-04-27,Influencer - Micro,2025-04
422,2025-04-12,Paid Social,2025-04
423,2025-04-06,Paid Social,2025-04
424,2025-04-12,Organic & Referral,2025-04
425,2025-04-24,Paid Social,2025-04
426,2025-04-29,Paid Social,2025-04
427,2025-04-24,Paid Social,2025-04
428,2025-04-21,Influencer - Macro,2025-04
429,2025-04-03,Paid Social,2025-04
430,2025-04-28,Paid Social,2025-04
431,2025-04-16,Paid Social,2025-04
432,2025-04-22,Influencer - Micro,2025-04
433,2025-04-15,Paid Social,2025-04
434,2025-04-22,Organic & Referral,2025-04
435,2025-04-05,Influencer - Macro,2025-04
436,2025-04-19,Paid Social,2025-04
437,2025-04-19,Paid Social,2025-04
438,2025-04-30,Influencer - Micro,2025-04
439,2025-04-08,Paid Social,2025-04
440,2025-04-24,Paid Social,2025-04
441,2025-04-19,Organic & Referral,2025-04
442,2025-04-12,Organic & Referral,2025-04
443,2025-04-09,Influencer - Macro,2025-04
444,2025-04-23,Paid Social,2025-04
445,2025-04-10,Paid Social,2025-04
446,2025-04-13,Influencer - Micro,2025-04
447,2025-04-25,Paid Social,2025-04
448,2025-04-21,Organic & Referral,2025-04
449,2025-04-29,Influencer - Macro,2025-04
450,2025-04-26,Paid Social,2025-04
451,2025-04-13,Organic & Referral,2025-04
452,2025-04-15,Paid Social,2025-04
453,2025-04-21,Paid Social,2025-04
454,2025-04-11,Organic & Referral,2025-04
455,2025-04-03,Paid Social,2025-04
456,2025-04-02,Influencer - Micro,2025-04
457,2025-04-26,Influencer - Macro,2025-04
458,2025-04-06,Organic & Referral,2025-04
459,2025-04-04,Influencer - Micro,2025-04
460,2025-04-24,Paid Social,2025-04
461,2025-04-25,Influencer - Macro,2025-04
462,2025-04-09,Paid Social,2025-04
463,2025-04-21,Organic & Referral,2025-04
464,2025-04-05,Paid Social,2025-04
465,2025-04-04,Organic & Referral,2025-04
466,2025-05-25,Paid Social,2025-05
467,2025-05-28,Organic & Referral,2025-05
468,2025-05-06,Paid Social,2025-05
469,2025-05-30,Paid Social,2025-05
470,2025-05-20,Paid Social,2025-05
471,2025-05-30,Paid Social,2025-05
472,2025-05-12,Organic & Referral,2025-05
473,2025-05-14,Paid Social,2025-05
474,2025-05-18,Paid Social,2025-05
475,2025-05-24,Paid Social,2025-05
476,2025-05-31,Paid Social,2025-05
477,2025-05-28,Organic & Referral,2025-05
478,2025-05-04,Influencer - Micro,2025-05
479,2025-05-11,Influencer - Micro,2025-05
480,2025-05-15,Paid Social,2025-05
481,2025-05-09,Paid Social,2025-05
482,2025-05-29,Paid Social,2025-05
483,2025-05-07,Influencer - Macro,2025-05
484,2025-05-27,Paid Social,2025-05
485,2025-05-27,Paid Social,2025-05
486,2025-05-16,Paid Social,2025-05
487,2025-05-18,Paid Social,2025-05
488,2025-05-17,Paid Social,2025-05
489,2025-05-05,Paid Social,2025-05
490,2025-05-21,Paid Social,2025-05
491,2025-05-26,Paid Social,2025-05
492,2025-05-09,Paid Social,2025-05
493,2025-05-27,Paid Social,2025-05
494,2025-05-28,Influencer - Micro,2025-05
495,2025-05-29,Paid Social,2025-05
496,2025-05-18,Paid Social,2025-05
497,2025-05-08,Organic & Referral,2025-05
498,2025-05-28,Paid Social,2025-05
499,2025-05-14,Influencer - Macro,2025-05
500,2025-05-26,Paid Social,2025-05
501,2025-05-24,Influencer - Micro,2025-05
502,2025-05-10,Paid Social,2025-05
503,2025-05-25,Organic & Referral,2025-05
504,2025-05-31,Paid Social,2025-05
505,2025-05-24,Paid Social,2025-05
506,2025-05-22,Paid Social,2025-05
507,2025-05-06,Paid Social,2025-05
508,2025-05-19,Organic & Referral,2025-05
509,2025-05-10,Paid Social,2025-05
510,2025-05-16,Paid Social,2025-05
511,2025-05-04,Paid Social,2025-05
512,2025-05-03,Influencer - Macro,2025-05
513,2025-05-09,Influencer - Micro,2025-05
514,2025-05-23,Influencer - Micro,2025-05
515,2025-05-08,Paid Social,2025-05
516,2025-05-12,Organic & Referral,2025-05
517,2025-05-28,Paid Social,2025-05
518,2025-05-01,Influencer - Micro,2025-05
519,2025-05-01,Influencer - Micro,2025-05
520,2025-05-06,Paid Social,2025-05
521,2025-05-08,Organic & Referral,2025-05
522,2025-05-08,Paid Social,2025-05
523,2025-05-01,Paid Social,2025-05
524,2025-05-26,Organic & Referral,2025-05
525,2025-05-06,Influencer - Micro,2025-05
526,2025-05-05,Paid Social,2025-05
527,2025-05-01,Organic & Referral,2025-05
528,2025-05-11,Paid Social,2025-05
529,2025-05-06,Influencer - Macro,2025-05
530,2025-05-18,Organic & Referral,2025-05
531,2025-05-17,Organic & Referral,2025-05
532,2025-05-13,Paid Social,2025-05
533,2025-05-17,Paid Social,2025-05
534,2025-05-24,Influencer - Micro,2025-05
535,2025-05-03,Organic & Referral,2025-05
536,2025-05-21,Paid Social,2025-05
537,2025-05-06,Influencer - Macro,2025-05
538,2025-05-02,Paid Social,2025-05
539,2025-05-21,Organic & Referral,2025-05
540,2025-05-10,Organic & Referral,2025-05
541,2025-05-23,Paid Social,2025-05
542,2025-05-17,Influencer - Macro,2025-05
543,2025-05-07,Organic & Referral,2025-05
544,2025-05-17,Organic & Referral,2025-05
545,2025-05-24,Paid Social,2025-05
546,2025-06-05,Influencer - Macro,2025-06
547,2025-06-05,Paid Social,2025-06
548,2025-06-10,Influencer - Micro,2025-06
549,2025-06-30,Paid Social,2025-06
550,2025-06-30,Paid Social,2025-06
551,2025-06-07,Paid Social,2025-06
552,2025-06-21,Influencer - Micro,2025-06
553,2025-06-28,Influencer - Micro,2025-06
554,2025-06-05,Influencer - Macro,2025-06
555,2025-06-19,Organic & Referral,2025-06
556,2025-06-13,Paid Social,2025-06
557,2025-06-16,Influencer - Macro,2025-06
558,2025-06-22,Influencer - Macro,2025-06
559,2025-06-23,Paid Social,2025-06
560,2025-06-20,Paid Social,2025-06
561,2025-06-04,Paid Social,2025-06
562,2025-06-23,Paid Social,2025-06
563,2025-06-01,Organic & Referral,2025-06
564,2025-06-24,Paid Social,2025-06
565,2025-06-21,Paid Social,2025-06
566,2025-06-28,Influencer - Macro,2025-06
567,2025-06-17,Organic & Referral,2025-06
568,2025-06-18,Organic & Referral,2025-06
569,2025-06-20,Paid Social,2025-06
570,2025-06-16,Paid Social,2025-06
571,2025-06-22,Influencer - Micro,2025-06
572,2025-06-08,Organic & Referral,2025-06
573,2025-06-05,Paid Social,2025-06
574,2025-06-25,Influencer - Micro,2025-06
575,2025-06-17,Paid Social,2025-06
576,2025-06-15,Paid Social,2025-06
577,2025-06-08,Organic & Referral,2025-06
578,2025-06-14,Paid Social,2025-06
579,2025-06-24,Paid Social,2025-06
580,2025-06-14,Paid Social,2025-06
581,2025-06-18,Paid Social,2025-06
582,2025-06-13,Paid Social,2025-06
583,2025-06-01,Influencer - Macro,2025-06
584,2025-06-12,Paid Social,2025-06
585,2025-06-05,Paid Social,2025-06
586,2025-06-28,Paid Social,2025-06
587,2025-06-27,Paid Social,2025-06
588,2025-06-14,Influencer - Micro,2025-06
589,2025-06-21,Paid Social,2025-06
590,2025-06-15,Paid Social,2025-06
591,2025-06-19,Influencer - Macro,2025-06
592,2025-06-07,Paid Social,2025-06
593,2025-06-14,Paid Social,2025-06
594,2025-06-12,Paid Social,2025-06
595,2025-06-06,Paid Social,2025-06
596,2025-06-01,Organic & Referral,2025-06
597,2025-06-22,Paid Social,2025-06
598,2025-06-11,Paid Social,2025-06
599,2025-06-25,Organic & Referral,2025-06
600,2025-06-14,Paid Social,2025-06
601,2025-06-27,Paid Social,2025-06
602,2025-06-19,Paid Social,2025-06
603,2025-06-07,Paid Social,2025-06
604,2025-06-09,Paid Social,2025-06
605,2025-06-22,Paid Social,2025-06
606,2025-06-09,Paid Social,2025-06
607,2025-06-18,Influencer - Micro,2025-06
608,2025-06-05,Paid Social,2025-06
609,2025-06-30,Influencer - Micro,2025-06
610,2025-06-08,Paid Social,2025-06
611,2025-06-04,Paid Social,2025-06
612,2025-06-02,Organic & Referral,2025-06
613,2025-06-26,Influencer - Macro,2025-06
614,2025-06-25,Paid Social,2025-06
615,2025-06-22,Paid Social,2025-06
616,2025-06-01,Influencer - Macro,2025-06
617,2025-06-04,Paid Social,2025-06
618,2025-06-03,Influencer - Micro,2025-06
619,2025-06-10,Influencer - Micro,2025-06
620,2025-06-05,Paid Social,2025-06
621,2025-07-22,Influencer - Macro,2025-07
622,2025-07-12,Paid Social,2025-07
623,2025-07-18,Organic & Referral,2025-07
624,2025-07-10,Paid Social,2025-07
625,2025-07-13,Paid Social,2025-07
626,2025-07-25,Organic & Referral,2025-07
627,2025-07-15,Paid Social,2025-07
628,2025-07-06,Influencer - Macro,2025-07
629,2025-07-05,Organic & Referral,2025-07
630,2025-07-20,Paid Social,2025-07
631,2025-07-26,Influencer - Macro,2025-07
632,2025-07-11,Paid Social,2025-07
633,2025-07-01,Organic & Referral,2025-07
634,2025-07-14,Paid Social,2025-07
635,2025-07-18,Paid Social,2025-07
636,2025-07-30,Influencer - Micro,2025-07
637,2025-07-15,Influencer - Macro,2025-07
638,2025-07-10,Influencer - Micro,2025-07
639,2025-07-10,Paid Social,2025-07
640,2025-07-17,Organic & Referral,2025-07
641,2025-07-11,Influencer - Micro,2025-07
642,2025-07-05,Paid Social,2025-07
643,2025-07-29,Influencer - Micro,2025-07
644,2025-07-18,Influencer - Macro,2025-07
645,2025-07-01,Paid Social,2025-07
646,2025-07-11,Paid Social,2025-07
647,2025-07-10,Paid Social,2025-07
648,2025-07-26,Paid Social,2025-07
649,2025-07-11,Paid Social,2025-07
650,2025-07-02,Influencer - Micro,2025-07
651,2025-07-12,Influencer - Micro,2025-07
652,2025-07-27,Organic & Referral,2025-07
653,2025-07-17,Paid Social,2025-07
654,2025-07-10,Organic & Referral,2025-07
655,2025-07-15,Organic & Referral,2025-07
656,2025-07-22,Paid Social,2025-07
657,2025-07-21,Organic & Referral,2025-07
658,2025-07-27,Paid Social,2025-07
659,2025-07-15,Influencer - Macro,2025-07
660,2025-07-14,Influencer - Macro,2025-07
661,2025-07-26,Influencer - Micro,2025-07
662,2025-07-16,Influencer - Micro,2025-07
663,2025-07-03,Paid Social,2025-07
664,2025-07-09,Paid Social,2025-07
665,2025-07-17,Paid Social,2025-07
666,2025-07-29,Paid Social,2025-07
667,2025-07-18,Influencer - Micro,2025-07
668,2025-07-02,Paid Social,2025-07
669,2025-07-05,Paid Social,2025-07
670,2025-07-09,Influencer - Macro,2025-07
671,2025-07-26,Paid Social,2025-07
672,2025-07-31,Paid Social,2025-07
673,2025-07-28,Paid Social,2025-07
674,2025-07-03,Organic & Referral,2025-07
675,2025-07-10,Paid Social,2025-07
676,2025-07-14,Paid Social,2025-07
677,2025-07-18,Influencer - Micro,2025-07
678,2025-07-29,Organic & Referral,2025-07
679,2025-07-14,Paid Social,2025-07
680,2025-07-18,Influencer - Micro,2025-07
681,2025-07-17,Paid Social,2025-07
682,2025-07-08,Paid Social,2025-07
683,2025-07-13,Paid Social,2025-07
684,2025-07-12,Influencer - Micro,2025-07
685,2025-07-01,Paid Social,2025-07
686,2025-07-19,Influencer - Micro,2025-07
687,2025-07-19,Influencer - Micro,2025-07
688,2025-07-14,Influencer - Micro,2025-07
689,2025-07-27,Organic & Referral,2025-07
690,2025-07-17,Paid Social,2025-07
691,2025-08-12,Influencer - Micro,2025-08
692,2025-08-27,Influencer - Micro,2025-08
693,2025-08-08,Organic & Referral,2025-08
694,2025-08-21,Paid Social,2025-08
695,2025-08-28,Influencer - Macro,2025-08
696,2025-08-12,Influencer - Macro,2025-08
697,2025-08-13,Paid Social,2025-08
698,2025-08-07,Influencer - Micro,2025-08
699,2025-08-04,Paid Social,2025-08
700,2025-08-09,Paid Social,2025-08
701,2025-08-23,Influencer - Micro,2025-08
702,2025-08-02,Paid Social,2025-08
703,2025-08-13,Influencer - Micro,2025-08
704,2025-08-28,Paid Social,2025-08
705,2025-08-21,Organic & Referral,2025-08
706,2025-08-29,Paid Social,2025-08
707,2025-08-08,Organic & Referral,2025-08
708,2025-08-04,Influencer - Micro,2025-08
709,2025-08-25,Paid Social,2025-08
710,2025-08-10,Paid Social,2025-08
711,2025-08-01,Paid Social,2025-08
712,2025-08-03,Organic & Referral,2025-08
713,2025-08-30,Influencer - Micro,2025-08
714,2025-08-31,Organic & Referral,2025-08
715,2025-08-01,Organic & Referral,2025-08
716,2025-08-26,Paid Social,2025-08
717,2025-08-06,Paid Social,2025-08
718,2025-08-28,Paid Social,2025-08
719,2025-08-13,Paid Social,2025-08
720,2025-08-06,Paid Social,2025-08
721,2025-08-05,Paid Social,2025-08
722,2025-08-27,Organic & Referral,2025-08
723,2025-08-04,Paid Social,2025-08
724,2025-08-14,Paid Social,2025-08
725,2025-08-31,Paid Social,2025-08
726,2025-08-25,Paid Social,2025-08
727,2025-08-06,Organic & Referral,2025-08
728,2025-08-07,Influencer - Micro,2025-08
729,2025-08-14,Organic & Referral,2025-08
730,2025-08-10,Organic & Referral,2025-08
731,2025-08-26,Organic & Referral,2025-08
732,2025-08-10,Paid Social,2025-08
733,2025-08-13,Organic & Referral,2025-08
734,2025-08-12,Paid Social,2025-08
735,2025-08-16,Paid Social,2025-08
736,2025-08-12,Influencer - Micro,2025-08
737,2025-08-17,Paid Social,2025-08
738,2025-08-01,Paid Social,2025-08
739,2025-08-05,Paid Social,2025-08
740,2025-08-21,Paid Social,2025-08
741,2025-08-09,Organic & Referral,2025-08
742,2025-08-25,Paid Social,2025-08
743,2025-08-30,Paid Social,2025-08
744,2025-08-07,Influencer - Macro,2025-08
745,2025-08-31,Paid Social,2025-08
746,2025-08-25,Paid Social,2025-08
747,2025-08-04,Paid Social,2025-08
748,2025-08-12,Paid Social,2025-08
749,2025-08-25,Organic & Referral,2025-08
750,2025-08-14,Organic & Referral,2025-08
751,2025-08-09,Paid Social,2025-08
752,2025-08-31,Paid Social,2025-08
753,2025-08-12,Paid Social,2025-08
754,2025-08-03,Paid Social,2025-08
755,2025-08-20,Organic & Referral,2025-08
756,2025-08-14,Paid Social,2025-08
757,2025-08-13,Organic & Referral,2025-08
758,2025-08-25,Influencer - Micro,2025-08
759,2025-08-07,Influencer - Macro,2025-08
760,2025-08-01,Organic & Referral,2025-08
761,2025-09-07,Paid Social,2025-09
762,2025-09-27,Influencer - Micro,2025-09
763,2025-09-29,Influencer - Micro,2025-09
764,2025-09-03,Influencer - Micro,2025-09
765,2025-09-21,Organic & Referral,2025-09
766,2025-09-03,Paid Social,2025-09
767,2025-09-19,Influencer - Macro,2025-09
768,2025-09-18,Organic & Referral,2025-09
769,2025-09-15,Influencer - Macro,2025-09
770,2025-09-22,Paid Social,2025-09
771,2025-09-08,Paid Social,2025-09
772,2025-09-22,Organic & Referral,2025-09
773,2025-09-09,Paid Social,2025-09
774,2025-09-10,Paid Social,2025-09
775,2025-09-24,Organic & Referral,2025-09
776,2025-09-09,Influencer - Macro,2025-09
777,2025-09-17,Organic & Referral,2025-09
778,2025-09-20,Organic & Referral,2025-09
779,2025-09-13,Organic & Referral,2025-09
780,2025-09-08,Paid Social,2025-09
781,2025-09-19,Influencer - Micro,2025-09
782,2025-09-06,Paid Social,2025-09
783,2025-09-25,Paid Social,2025-09
784,2025-09-25,Paid Social,2025-09
785,2025-09-27,Organic & Referral,2025-09
786,2025-09-20,Paid Social,2025-09
787,2025-09-14,Paid Social,2025-09
788,2025-09-15,Paid Social,2025-09
789,2025-09-06,Influencer - Micro,2025-09
790,2025-09-25,Influencer - Micro,2025-09
791,2025-09-21,Influencer - Micro,2025-09
792,2025-09-30,Organic & Referral,2025-09
793,2025-09-28,Paid Social,2025-09
794,2025-09-09,Paid Social,2025-09
795,2025-09-27,Paid Social,2025-09
796,2025-09-05,Paid Social,2025-09
797,2025-09-23,Organic & Referral,2025-09
798,2025-09-07,Organic & Referral,2025-09
799,2025-09-19,Paid Social,2025-09
800,2025-09-09,Organic & Referral,2025-09
801,2025-09-18,Paid Social,2025-09
802,2025-09-19,Paid Social,2025-09
803,2025-09-11,Organic & Referral,2025-09
804,2025-09-11,Paid Social,2025-09
805,2025-09-22,Paid Social,2025-09
806,2025-09-13,Paid Social,2025-09
807,2025-09-16,Paid Social,2025-09
808,2025-09-28,Paid Social,2025-09
809,2025-09-13,Paid Social,2025-09
810,2025-09-01,Paid Social,2025-09
811,2025-09-22,Influencer - Micro,2025-09
812,2025-09-01,Organic & Referral,2025-09
813,2025-09-13,Paid Social,2025-09
814,2025-09-18,Organic & Referral,2025-09
815,2025-09-26,Influencer - Micro,2025-09
816,2025-09-27,Paid Social,2025-09
817,2025-09-08,Paid Social,2025-09
818,2025-09-11,Organic & Referral,2025-09
819,2025-09-21,Influencer - Micro,2025-09
820,2025-09-21,Organic & Referral,2025-09
821,2025-09-08,Paid Social,2025-09
822,2025-09-19,Paid Social,2025-09
823,2025-09-28,Paid Social,2025-09
824,2025-09-04,Influencer - Macro,2025-09
825,2025-09-04,Paid Social,2025-09
826,2025-09-23,Paid Social,2025-09
827,2025-09-08,Paid Social,2025-09
828,2025-09-03,Paid Social,2025-09
829,2025-09-08,Paid Social,2025-09
830,2025-09-11,Influencer - Micro,2025-09
831,2025-09-30,Influencer - Macro,2025-09
832,2025-09-01,Influencer - Micro,2025-09
833,2025-09-20,Influencer - Micro,2025-09
834,2025-09-14,Paid Social,2025-09
835,2025-09-14,Influencer - Micro,2025-09
836,2025-10-30,Influencer - Micro,2025-10
837,2025-10-28,Paid Social,2025-10
838,2025-10-11,Organic & Referral,2025-10
839,2025-10-23,Influencer - Macro,2025-10
840,2025-10-03,Influencer - Macro,2025-10
841,2025-10-21,Paid Social,2025-10
842,2025-10-22,Organic & Referral,2025-10
843,2025-10-28,Influencer - Micro,2025-10
844,2025-10-25,Organic & Referral,2025-10
845,2025-10-09,Organic & Referral,2025-10
846,2025-10-28,Paid Social,2025-10
847,2025-10-01,Organic & Referral,2025-10
848,2025-10-07,Paid Social,2025-10
849,2025-10-17,Paid Social,2025-10
850,2025-10-08,Paid Social,2025-10
851,2025-10-19,Organic & Referral,2025-10
852,2025-10-25,Paid Social,2025-10
853,2025-10-01,Paid Social,2025-10
854,2025-10-19,Organic & Referral,2025-10
855,2025-10-21,Paid Social,2025-10
856,2025-10-09,Organic & Referral,2025-10
857,2025-10-11,Organic & Referral,2025-10
858,2025-10-30,Influencer - Micro,2025-10
859,2025-10-04,Influencer - Macro,2025-10
860,2025-10-25,Paid Social,2025-10
861,2025-10-11,Organic & Referral,2025-10
862,2025-10-29,Paid Social,2025-10
863,2025-10-09,Paid Social,2025-10
864,2025-10-18,Influencer - Macro,2025-10
865,2025-10-11,Paid Social,2025-10
866,2025-10-19,Paid Social,2025-10
867,2025-10-14,Influencer - Micro,2025-10
868,2025-10-31,Organic & Referral,2025-10
869,2025-10-29,Influencer - Micro,2025-10
870,2025-10-16,Organic & Referral,2025-10
871,2025-10-14,Influencer - Micro,2025-10
872,2025-10-23,Organic & Referral,2025-10
873,2025-10-24,Paid Social,2025-10
874,2025-10-07,Influencer - Macro,2025-10
875,2025-10-12,Influencer - Macro,2025-10
876,2025-10-25,Influencer - Macro,2025-10
877,2025-10-25,Paid Social,2025-10
878,2025-10-04,Organic & Referral,2025-10
879,2025-10-27,Paid Social,2025-10
880,2025-10-10,Paid Social,2025-10
881,2025-10-29,Paid Social,2025-10
882,2025-10-02,Paid Social,2025-10
883,2025-10-31,Paid Social,2025-10
884,2025-10-19,Paid Social,2025-10
885,2025-10-04,Paid Social,2025-10
886,2025-10-22,Organic & Referral,2025-10
887,2025-10-01,Paid Social,2025-10
888,2025-10-12,Influencer - Macro,2025-10
889,2025-10-08,Influencer - Micro,2025-10
890,2025-10-24,Paid Social,2025-10
891,2025-10-01,Paid Social,2025-10
892,2025-10-08,Organic & Referral,2025-10
893,2025-10-05,Paid Social,2025-10
894,2025-10-02,Paid Social,2025-10
895,2025-10-27,Paid Social,2025-10
896,2025-10-16,Influencer - Micro,2025-10
897,2025-10-03,Organic & Referral,2025-10
898,2025-10-27,Influencer - Macro,2025-10
899,2025-10-24,Paid Social,2025-10
900,2025-10-20,Organic & Referral,2025-10
901,2025-10-27,Paid Social,2025-10
902,2025-10-01,Organic & Referral,2025-10
903,2025-10-20,Paid Social,2025-10
904,2025-10-24,Organic & Referral,2025-10
905,2025-10-04,Paid Social,2025-10
906,2025-10-10,Paid Social,2025-10
907,2025-10-20,Influencer - Macro,2025-10
908,2025-10-24,Influencer - Micro,2025-10
909,2025-10-20,Paid Social,2025-10
910,2025-10-07,Influencer - Macro,2025-10
911,2025-10-11,Paid Social,2025-10
912,2025-10-22,Organic & Referral,2025-10
913,2025-10-07,Organic & Referral,2025-10
914,2025-10-02,Influencer - Micro,2025-10
915,2025-10-18,Organic & Referral,2025-10
916,2025-10-13,Influencer - Macro,2025-10
917,2025-10-13,Paid Social,2025-10
918,2025-10-04,Organic & Referral,2025-10
919,2025-10-14,Influencer - Macro,2025-10
920,2025-10-13,Influencer - Macro,2025-10
921,2025-11-11,Organic & Referral,2025-11
922,2025-11-12,Influencer - Macro,2025-11
923,2025-11-26,Paid Social,2025-11
924,2025-11-24,Paid Social,2025-11
925,2025-11-02,Organic & Referral,2025-11
926,2025-11-25,Influencer - Micro,2025-11
927,2025-11-14,Influencer - Micro,2025-11
928,2025-11-09,Paid Social,2025-11
929,2025-11-20,Organic & Referral,2025-11
930,2025-11-07,Paid Social,2025-11
931,2025-11-04,Paid Social,2025-11
932,2025-11-04,Influencer - Micro,2025-11
933,2025-11-26,Paid Social,2025-11
934,2025-11-12,Organic & Referral,2025-11
935,2025-11-11,Paid Social,2025-11
936,2025-11-08,Paid Social,2025-11
937,2025-11-24,Paid Social,2025-11
938,2025-11-27,Paid Social,2025-11
939,2025-11-23,Paid Social,2025-11
940,2025-11-04,Paid Social,2025-11
941,2025-11-26,Organic & Referral,2025-11
942,2025-11-14,Paid Social,2025-11
943,2025-11-09,Influencer - Micro,2025-11
944,2025-11-07,Paid Social,2025-11
945,2025-11-24,Influencer - Macro,2025-11
946,2025-11-06,Influencer - Micro,2025-11
947,2025-11-08,Influencer - Macro,2025-11
948,2025-11-14,Paid Social,2025-11
949,2025-11-10,Influencer - Micro,2025-11
950,2025-11-30,Influencer - Micro,2025-11
951,2025-11-27,Paid Social,2025-11
952,2025-11-15,Influencer - Micro,2025-11
953,2025-11-16,Paid Social,2025-11
954,2025-11-09,Organic & Referral,2025-11
955,2025-11-11,Paid Social,2025-11
956,2025-11-22,Influencer - Micro,2025-11
957,2025-11-26,Influencer - Micro,2025-11
958,2025-11-30,Paid Social,2025-11
959,2025-11-18,Paid Social,2025-11
960,2025-11-21,Influencer - Macro,2025-11
961,2025-11-16,Paid Social,2025-11
962,2025-11-07,Paid Social,2025-11
963,2025-11-18,Influencer - Micro,2025-11
964,2025-11-19,Paid Social,2025-11
965,2025-11-10,Influencer - Macro,2025-11
966,2025-11-04,Influencer - Micro,2025-11
967,2025-11-05,Organic & Referral,2025-11
968,2025-11-10,Influencer - Micro,2025-11
969,2025-11-09,Paid Social,2025-11
970,2025-11-10,Paid Social,2025-11
971,2025-11-30,Influencer - Micro,2025-11
972,2025-11-20,Organic & Referral,2025-11
973,2025-11-20,Influencer - Micro,2025-11
974,2025-11-26,Influencer - Micro,2025-11
975,2025-11-16,Organic & Referral,2025-11
976,2025-11-24,Paid Social,2025-11
977,2025-11-18,Paid Social,2025-11
978,2025-11-15,Influencer - Macro,2025-11
979,2025-11-24,Influencer - Macro,2025-11
980,2025-11-16,Paid Social,2025-11
981,2025-11-03,Influencer - Micro,2025-11
982,2025-11-08,Influencer - Micro,2025-11
983,2025-11-27,Paid Social,2025-11
984,2025-11-06,Influencer - Micro,2025-11
985,2025-11-30,Influencer - Macro,2025-11
986,2025-11-27,Influencer - Macro,2025-11
987,2025-11-25,Paid Social,2025-11
988,2025-11-09,Paid Social,2025-11
989,2025-11-22,Organic & Referral,2025-11
990,2025-11-28,Influencer - Macro,2025-11
991,2025-11-11,Influencer - Micro,2025-11
992,2025-11-09,Paid Social,2025-11
993,2025-11-16,Paid Social,2025-11
994,2025-11-15,Paid Social,2025-11
995,2025-11-22,Organic & Referral,2025-11
996,2025-11-13,Paid Social,2025-11
997,2025-11-13,Paid Social,2025-11
998,2025-11-29,Organic & Referral,2025-11
999,2025-11-04,Influencer - Macro,2025-11
1000,2025-11-28,Organic & Referral,2025-11
1001,2025-11-07,Paid Social,2025-11
1002,2025-11-19,Paid Social,2025-11
1003,2025-11-25,Organic & Referral,2025-11
1004,2025-11-11,Paid Social,2025-11
1005,2025-11-11,Paid Social,2025-11
1006,2025-11-06,Influencer - Micro,2025-11
1007,2025-11-16,Paid Social,2025-11
1008,2025-11-13,Paid Social,2025-11
1009,2025-11-02,Influencer - Micro,2025-11
1010,2025-11-28,Paid Social,2025-11
1011,2025-11-11,Paid Social,2025-11
1012,2025-11-02,Paid Social,2025-11
1013,2025-11-19,Influencer - Macro,2025-11
1014,2025-11-28,Paid Social,2025-11
1015,2025-11-27,Influencer - Macro,2025-11
1016,2025-11-30,Influencer - Macro,2025-11
1017,2025-11-01,Paid Social,2025-11
1018,2025-11-10,Influencer - Macro,2025-11
1019,2025-11-10,Influencer - Micro,2025-11
1020,2025-11-04,Paid Social,2025-11
1021,2025-11-23,Influencer - Micro,2025-11
1022,2025-11-04,Organic & Referral,2025-11
1023,2025-11-23,Organic & Referral,2025-11
1024,2025-11-01,Paid Social,2025-11
1025,2025-11-16,Organic & Referral,2025-11
1026,2025-11-12,Organic & Referral,2025-11
1027,2025-11-10,Influencer - Micro,2025-11
1028,2025-11-23,Paid Social,2025-11
1029,2025-11-04,Influencer - Macro,2025-11
1030,2025-11-23,Paid Social,2025-11
1031,2025-11-21,Paid Social,2025-11
1032,2025-11-12,Influencer - Macro,2025-11
1033,2025-11-27,Influencer - Micro,2025-11
1034,2025-11-23,Organic & Referral,2025-11
1035,2025-11-12,Influencer - Micro,2025-11
1036,2025-11-27,Influencer - Micro,2025-11
1037,2025-11-24,Influencer - Micro,2025-11
1038,2025-11-06,Paid Social,2025-11
1039,2025-11-08,Organic & Referral,2025-11
1040,2025-11-13,Paid Social,2025-11
1041,2025-11-22,Paid Social,2025-11
1042,2025-11-09,Influencer - Micro,2025-11
1043,2025-11-10,Influencer - Macro,2025-11
1044,2025-11-17,Paid Social,2025-11
1045,2025-11-20,Organic & Referral,2025-11
1046,2025-11-14,Paid Social,2025-11
1047,2025-11-11,Paid Social,2025-11
1048,2025-11-30,Paid Social,2025-11
1049,2025-11-27,Paid Social,2025-11
1050,2025-11-12,Paid Social,2025-11
1051,2025-11-27,Paid Social,2025-11
1052,2025-11-29,Paid Social,2025-11
1053,2025-11-26,Paid Social,2025-11
1054,2025-11-18,Organic & Referral,2025-11
1055,2025-11-30,Paid Social,2025-11
1056,2025-11-06,Influencer - Macro,2025-11
1057,2025-11-16,Influencer - Micro,2025-11
1058,2025-11-17,Paid Social,2025-11
1059,2025-11-30,Paid Social,2025-11
1060,2025-11-10,Paid Social,2025-11
1061,2025-12-04,Paid Social,2025-12
1062,2025-12-22,Paid Social,2025-12
1063,2025-12-30,Paid Social,2025-12
1064,2025-12-05,Influencer - Macro,2025-12
1065,2025-12-29,Paid Social,2025-12
1066,2025-12-10,Organic & Referral,2025-12
1067,2025-12-01,Influencer - Micro,2025-12
1068,2025-12-10,Influencer - Micro,2025-12
1069,2025-12-26,Influencer - Micro,2025-12
1070,2025-12-03,Paid Social,2025-12
1071,2025-12-01,Influencer - Micro,2025-12
1072,2025-12-26,Paid Social,2025-12
1073,2025-12-11,Paid Social,2025-12
1074,2025-12-01,Paid Social,2025-12
1075,2025-12-06,Paid Social,2025-12
1076,2025-12-06,Influencer - Macro,2025-12
1077,2025-12-02,Organic & Referral,2025-12
1078,2025-12-26,Paid Social,2025-12
1079,2025-12-25,Paid Social,2025-12
1080,2025-12-19,Influencer - Macro,2025-12
1081,2025-12-02,Paid Social,2025-12
1082,2025-12-17,Organic & Referral,2025-12
1083,2025-12-11,Influencer - Macro,2025-12
1084,2025-12-12,Influencer - Micro,2025-12
1085,2025-12-20,Influencer - Micro,2025-12
1086,2025-12-28,Paid Social,2025-12
1087,2025-12-11,Organic & Referral,2025-12
1088,2025-12-01,Paid Social,2025-12
1089,2025-12-08,Paid Social,2025-12
1090,2025-12-04,Paid Social,2025-12
1091,2025-12-12,Paid Social,2025-12
1092,2025-12-21,Influencer - Micro,2025-12
1093,2025-12-04,Influencer - Micro,2025-12
1094,2025-12-14,Paid Social,2025-12
1095,2025-12-09,Paid Social,2025-12
1096,2025-12-02,Paid Social,2025-12
1097,2025-12-05,Paid Social,2025-12
1098,2025-12-23,Organic & Referral,2025-12
1099,2025-12-26,Influencer - Micro,2025-12
1100,2025-12-15,Paid Social,2025-12
1101,2025-12-24,Influencer - Macro,2025-12
1102,2025-12-01,Organic & Referral,2025-12
1103,2025-12-18,Paid Social,2025-12
1104,2025-12-24,Influencer - Micro,2025-12
1105,2025-12-02,Influencer - Macro,2025-12
1106,2025-12-11,Paid Social,2025-12
1107,2025-12-28,Paid Social,2025-12
1108,2025-12-21,Paid Social,2025-12
1109,2025-12-29,Influencer - Micro,2025-12
1110,2025-12-27,Organic & Referral,2025-12
1111,2025-12-02,Paid Social,2025-12
1112,2025-12-11,Paid Social,2025-12
1113,2025-12-31,Paid Social,2025-12
1114,2025-12-21,Organic & Referral,2025-12
1115,2025-12-30,Organic & Referral,2025-12
1116,2025-12-07,Paid Social,2025-12
1117,2025-12-30,Paid Social,2025-12
1118,2025-12-09,Paid Social,2025-12
1119,2025-12-08,Organic & Referral,2025-12
1120,2025-12-18,Paid Social,2025-12
1121,2025-12-09,Influencer - Macro,2025-12
1122,2025-12-14,Influencer - Micro,2025-12
1123,2025-12-18,Organic & Referral,2025-12
1124,2025-12-23,Organic & Referral,2025-12
1125,2025-12-09,Organic & Referral,2025-12
1126,2025-12-08,Paid Social,2025-12
1127,2025-12-19,Paid Social,2025-12
1128,2025-12-10,Organic & Referral,2025-12
1129,2025-12-01,Paid Social,2025-12
1130,2025-12-24,Influencer - Micro,2025-12
1131,2025-12-14,Organic & Referral,2025-12
1132,2025-12-03,Influencer - Macro,2025-12
1133,2025-12-06,Paid Social,2025-12
1134,2025-12-20,Paid Social,2025-12
1135,2025-12-26,Paid Social,2025-12
1136,2025-12-14,Influencer - Micro,2025-12
1137,2025-12-06,Paid Social,2025-12
1138,2025-12-19,Influencer - Micro,2025-12
1139,2025-12-07,Organic & Referral,2025-12
1140,2025-12-17,Influencer - Micro,2025-12
1141,2025-12-07,Paid Social,2025-12
1142,2025-12-22,Paid Social,2025-12
1143,2025-12-21,Influencer - Micro,2025-12
1144,2025-12-27,Influencer - Micro,2025-12
1145,2025-12-31,Paid Social,2025-12
1146,2025-12-27,Influencer - Macro,2025-12
1147,2025-12-19,Influencer - Micro,2025-12
1148,2025-12-20,Paid Social,2025-12
1149,2025-12-08,Organic & Referral,2025-12
1150,2025-12-17,Paid Social,2025-12
1151,2025-12-28,Paid Social,2025-12
1152,2025-12-27,Organic & Referral,2025-12
1153,2025-12-04,Paid Social,2025-12
1154,2025-12-17,Paid Social,2025-12
1155,2025-12-27,Paid Social,2025-12
1156,2025-12-24,Paid Social,2025-12
1157,2025-12-22,Paid Social,2025-12
1158,2025-12-31,Paid Social,2025-12
1159,2025-12-03,Influencer - Macro,2025-12
1160,2025-12-28,Paid Social,2025-12
1161,2025-12-21,Influencer - Micro,2025-12
1162,2025-12-10,Paid Social,2025-12
1163,2025-12-16,Influencer - Micro,2025-12
1164,2025-12-03,Paid Social,2025-12
1165,2025-12-01,Paid Social,2025-12
1166,2025-12-12,Paid Social,2025-12
1167,2025-12-29,Influencer - Micro,2025-12
1168,2025-12-08,Influencer - Micro,2025-12
1169,2025-12-11,Organic & Referral,2025-12
1170,2025-12-07,Influencer - Micro,2025-12
