order_id,customer_id,order_date,order_value,is_first_order
1,1,2025-01-26,29.58,True
2,2,2025-01-06,34.69,True
3,3,2025-01-17,28.52,True
4,3,2025-03-30,37.06,False
5,3,2025-06-08,36.54,False
6,4,2025-01-03,41.38,True
7,5,2025-01-25,24.68,True
8,6,2025-01-27,38.03,True
9,7,2025-01-10,21.26,True
10,8,2025-01-25,29.35,True
11,9,2025-01-30,31.53,True
12,10,2025-01-10,42.65,True
13,11,2025-02-02,41.18,True
14,11,2025-05-01,33.79,False
15,11,2025-06-13,46.37,False
16,12,2025-01-29,35.89,True
17,12,2025-03-18,35.2,False
18,12,2025-05-12,34.57,False
19,12,2025-07-01,32.67,False
20,13,2025-01-07,32.78,True
21,13,2025-03-25,36.32,False
22,14,2025-01-27,33.58,True
23,14,2025-04-25,48.56,False
24,15,2025-01-10,28.18,True
25,16,2025-01-15,26.44,True
26,17,2025-01-17,34.4,True
27,17,2025-02-28,41.56,False
28,18,2025-01-10,29.64,True
29,19,2025-01-21,30.54,True
30,19,2025-04-16,36.92,False
31,20,2025-01-19,30.82,True
32,21,2025-01-15,30.14,True
33,22,2025-01-09,40.64,True
34,22,2025-03-12,41.18,False
35,23,2025-01-15,26.74,True
36,23,2025-04-08,39.5,False
37,24,2025-02-01,34.2,True
38,25,2025-01-12,36.14,True
39,26,2025-01-23,28.51,True
40,27,2025-01-20,35.91,True
41,28,2025-01-09,37.86,True
42,28,2025-02-25,46.92,False
43,28,2025-05-04,35.6,False
44,29,2025-01-30,39.56,True
45,30,2025-01-27,26.93,True
46,30,2025-04-20,28.7,False
47,30,2025-06-27,32.09,False
48,31,2025-01-20,20.54,True
49,32,2025-01-20,34.07,True
50,33,2025-01-24,29.04,True
51,33,2025-04-06,26.51,False
52,33,2025-06-11,41.08,False
53,34,2025-01-21,37.34,True
54,35,2025-01-23,33.35,True
55,36,2025-01-25,31.24,True
56,36,2025-03-23,42.0,False
57,37,2025-01-24,39.41,True
58,38,2025-02-01,33.01,True
59,39,2025-01-06,38.64,True
60,40,2025-01-29,34.77,True
61,41,2025-01-29,21.98,True
62,42,2025-01-04,32.54,True
63,43,2025-01-25,25.74,True
64,44,2025-01-11,34.2,True
65,45,2025-01-25,24.94,True
66,46,2025-01-04,29.64,True
67,47,2025-01-02,32.69,True
68,47,2025-03-20,39.18,False
69,48,2025-01-29,32.98,True
70,48,2025-03-17,33.64,False
71,49,2025-01-29,31.41,True
72,49,2025-04-24,28.22,False
73,50,2025-01-19,28.61,True
74,51,2025-01-29,32.99,True
75,52,2025-01-31,31.65,True
76,52,2025-04-27,35.41,False
77,53,2025-01-18,27.81,True
78,53,2025-04-12,30.67,False
79,54,2025-01-23,40.6,True
80,55,2025-01-24,26.8,True
81,55,2025-03-07,35.21,False
82,56,2025-01-13,28.97,True
83,56,2025-03-14,32.07,False
84,57,2025-01-31,33.64,True
85,57,2025-04-16,43.92,False
86,58,2025-01-14,37.34,True
87,59,2025-01-16,33.92,True
88,60,2025-01-23,41.76,True
89,60,2025-04-26,36.96,False
90,61,2025-01-06,33.67,True
91,62,2025-01-16,27.83,True
92,62,2025-03-19,23.56,False
93,63,2025-01-29,30.53,True
94,64,2025-01-05,27.19,True
95,65,2025-01-21,30.58,True
96,66,2025-01-20,30.3,True
97,67,2025-01-08,32.03,True
98,68,2025-01-31,39.17,True
99,69,2025-01-06,31.72,True
100,70,2025-01-11,34.15,True
101,71,2025-01-13,35.06,True
102,71,2025-04-10,38.2,False
103,72,2025-01-28,30.46,True
104,73,2025-01-11,30.32,True
105,74,2025-01-26,38.82,True
106,74,2025-04-23,31.68,False
107,74,2025-06-29,32.74,False
108,75,2025-01-13,29.2,True
109,76,2025-01-24,30.51,True
110,77,2025-01-23,35.95,True
111,78,2025-01-02,28.56,True
112,79,2025-01-08,27.15,True
113,80,2025-02-02,31.04,True
114,81,2025-02-02,39.28,True
115,82,2025-01-13,39.82,True
116,82,2025-03-17,30.35,False
117,83,2025-01-30,24.17,True
118,83,2025-03-21,42.89,False
119,84,2025-01-16,23.57,True
120,85,2025-01-05,31.1,True
121,86,2025-01-22,33.02,True
122,86,2025-04-13,40.24,False
123,87,2025-01-31,34.78,True
124,88,2025-01-24,31.56,True
125,89,2025-01-11,26.84,True
126,90,2025-01-20,29.43,True
127,90,2025-03-02,38.01,False
128,91,2025-01-14,36.5,True
129,91,2025-03-04,35.04,False
130,92,2025-01-23,32.94,True
131,93,2025-01-18,33.31,True
132,94,2025-01-18,24.73,True
133,95,2025-01-29,30.74,True
134,96,2025-01-18,26.22,True
135,97,2025-01-17,35.57,True
136,98,2025-01-27,27.81,True
137,99,2025-01-15,25.89,True
138,99,2025-04-10,26.09,False
139,99,2025-06-29,33.46,False
140,100,2025-01-30,33.21,True
141,101,2025-01-09,29.11,True
142,101,2025-03-02,32.18,False
143,102,2025-01-19,34.24,True
144,103,2025-01-28,26.83,True
145,104,2025-01-04,34.23,True
146,105,2025-01-25,35.57,True
147,105,2025-04-15,32.32,False
148,106,2025-01-10,32.16,True
149,107,2025-01-11,34.36,True
150,107,2025-03-30,44.18,False
151,107,2025-06-27,21.52,False
152,108,2025-01-27,29.97,True
153,109,2025-01-15,30.57,True
154,110,2025-01-27,34.9,True
155,111,2025-01-16,35.5,True
156,112,2025-01-20,30.31,True
157,112,2025-03-07,25.62,False
158,113,2025-01-19,41.24,True
159,113,2025-04-19,46.01,False
160,113,2025-06-17,37.92,False
161,114,2025-01-09,38.06,True
162,115,2025-01-22,31.91,True
163,116,2025-02-01,31.59,True
164,117,2025-01-10,34.41,True
165,118,2025-01-13,35.92,True
166,119,2025-01-24,25.42,True
167,120,2025-01-10,43.91,True
168,121,2025-01-05,31.17,True
169,122,2025-01-27,38.26,True
170,123,2025-01-15,29.5,True
171,124,2025-01-27,35.95,True
172,124,2025-03-18,33.25,False
173,125,2025-01-26,30.77,True
174,125,2025-04-27,31.04,False
175,125,2025-07-28,22.08,False
176,125,2025-10-30,34.79,False
177,126,2025-01-15,26.85,True
178,126,2025-02-26,42.3,False
179,127,2025-01-14,34.79,True
180,128,2025-01-09,31.93,True
181,128,2025-03-12,35.93,False
182,129,2025-01-27,24.18,True
183,130,2025-01-17,26.89,True
184,130,2025-04-09,42.77,False
185,131,2025-01-30,27.39,True
186,132,2025-01-24,35.84,True
187,132,2025-04-01,38.69,False
188,133,2025-01-16,31.06,True
189,134,2025-01-02,35.89,True
190,134,2025-02-11,26.28,False
191,135,2025-01-15,37.94,True
192,136,2025-01-24,32.5,True
193,137,2025-01-18,34.58,True
194,138,2025-02-02,32.06,True
195,139,2025-01-19,42.24,True
196,140,2025-01-04,27.4,True
197,141,2025-01-19,34.21,True
198,141,2025-03-28,40.44,False
199,141,2025-05-29,38.04,False
200,142,2025-01-12,29.22,True
201,143,2025-01-29,40.64,True
202,144,2025-01-06,38.75,True
203,144,2025-03-29,29.44,False
204,145,2025-01-07,25.49,True
205,145,2025-03-15,35.52,False
206,146,2025-01-19,32.06,True
207,147,2025-01-05,30.99,True
208,148,2025-01-06,28.27,True
209,149,2025-01-05,33.96,True
210,150,2025-01-06,36.98,True
211,150,2025-04-02,36.23,False
212,151,2025-01-28,33.72,True
213,152,2025-01-19,37.5,True
214,153,2025-01-25,30.4,True
215,154,2025-02-02,29.11,True
216,155,2025-01-02,28.86,True
217,156,2025-01-14,33.22,True
218,156,2025-03-16,29.16,False
219,156,2025-06-01,29.03,False
220,157,2025-01-09,32.15,True
221,158,2025-01-24,38.07,True
222,159,2025-01-18,39.81,True
223,159,2025-04-11,33.72,False
224,160,2025-01-29,30.37,True
225,160,2025-04-02,33.98,False
226,161,2025-01-26,40.77,True
227,162,2025-01-13,33.83,True
228,163,2025-01-14,28.46,True
229,164,2025-01-20,29.55,True
230,164,2025-04-21,36.19,False
231,165,2025-01-24,33.68,True
232,166,2025-01-03,35.33,True
233,166,2025-02-22,35.65,False
234,167,2025-01-05,36.16,True
235,167,2025-03-01,33.56,False
236,168,2025-01-15,33.39,True
237,169,2025-01-05,32.32,True
238,170,2025-01-28,31.94,True
239,170,2025-03-26,35.83,False
240,171,2025-01-24,26.44,True
241,172,2025-02-01,33.44,True
242,172,2025-03-16,33.41,False
243,172,2025-06-08,31.0,False
244,173,2025-01-28,32.19,True
245,173,2025-03-18,42.3,False
246,174,2025-01-19,34.39,True
247,174,2025-04-14,36.62,False
248,175,2025-01-13,28.89,True
249,175,2025-03-05,34.65,False
250,175,2025-05-05,29.54,False
251,175,2025-06-28,38.38,False
252,176,2025-01-06,36.94,True
253,177,2025-01-20,27.19,True
254,178,2025-01-23,22.6,True
255,178,2025-03-06,36.72,False
256,179,2025-01-30,41.41,True
257,180,2025-01-18,30.84,True
258,180,2025-03-28,36.04,False
259,181,2025-02-10,36.87,True
260,182,2025-02-14,28.19,True
261,182,2025-04-17,39.26,False
262,183,2025-02-28,25.79,True
263,184,2025-02-28,44.23,True
264,185,2025-02-24,32.75,True
265,185,2025-04-18,36.71,False
266,186,2025-02-12,39.27,True
267,187,2025-02-11,28.78,True
268,187,2025-03-25,38.73,False
269,188,2025-02-10,31.02,True
270,188,2025-03-29,34.62,False
271,189,2025-02-09,33.13,True
272,189,2025-04-12,32.48,False
273,190,2025-02-19,31.24,True
274,191,2025-02-02,32.55,True
275,192,2025-02-09,24.28,True
276,192,2025-03-27,34.34,False
277,193,2025-02-08,35.97,True
278,194,2025-02-03,38.13,True
279,194,2025-04-21,41.84,False
280,195,2025-02-21,35.07,True
281,195,2025-04-27,39.12,False
282,196,2025-02-12,25.22,True
283,197,2025-02-28,36.2,True
284,198,2025-02-23,26.24,True
285,199,2025-02-08,32.39,True
286,199,2025-04-06,38.11,False
287,199,2025-05-24,38.7,False
288,199,2025-07-07,34.59,False
289,199,2025-09-08,34.38,False
290,200,2025-02-10,30.78,True
291,201,2025-02-10,30.68,True
292,202,2025-02-02,31.18,True
293,203,2025-02-17,32.19,True
294,204,2025-02-18,40.59,True
295,204,2025-04-21,32.74,False
296,205,2025-02-09,34.37,True
297,205,2025-03-27,42.11,False
298,206,2025-02-03,36.81,True
299,206,2025-05-08,40.19,False
300,207,2025-02-19,39.36,True
301,208,2025-02-26,26.06,True
302,209,2025-02-08,24.46,True
303,210,2025-02-11,44.29,True
304,211,2025-02-17,30.18,True
305,212,2025-02-02,31.42,True
306,213,2025-02-14,24.0,True
307,214,2025-02-22,33.83,True
308,215,2025-02-11,36.27,True
309,216,2025-02-11,31.95,True
310,216,2025-03-26,34.1,False
311,217,2025-02-22,31.3,True
312,218,2025-02-25,30.72,True
313,218,2025-04-24,47.76,False
314,218,2025-06-14,30.44,False
315,219,2025-02-25,25.39,True
316,220,2025-02-15,31.49,True
317,221,2025-02-06,28.44,True
318,221,2025-04-15,37.79,False
319,222,2025-02-12,31.07,True
320,223,2025-02-08,25.11,True
321,223,2025-03-25,22.5,False
322,223,2025-05-14,35.73,False
323,224,2025-02-26,35.91,True
324,224,2025-05-05,39.14,False
325,225,2025-02-16,34.8,True
326,226,2025-02-26,26.39,True
327,227,2025-02-16,20.58,True
328,228,2025-02-24,28.04,True
329,228,2025-05-11,39.71,False
330,228,2025-07-07,43.66,False
331,229,2025-02-18,29.35,True
332,229,2025-05-13,33.53,False
333,230,2025-02-20,24.2,True
334,231,2025-02-13,28.02,True
335,232,2025-02-17,28.86,True
336,233,2025-02-16,40.7,True
337,233,2025-04-17,42.0,False
338,234,2025-02-25,29.76,True
339,235,2025-02-15,27.82,True
340,236,2025-02-07,34.97,True
341,236,2025-04-24,33.75,False
342,237,2025-03-01,32.12,True
343,237,2025-05-11,45.72,False
344,238,2025-02-03,37.97,True
345,239,2025-02-08,35.98,True
346,239,2025-04-20,28.04,False
347,240,2025-02-25,36.12,True
348,241,2025-02-13,30.03,True
349,242,2025-02-05,36.23,True
350,243,2025-02-18,26.21,True
351,244,2025-02-26,21.58,True
352,245,2025-02-26,30.74,True
353,246,2025-02-16,38.16,True
354,247,2025-02-18,26.1,True
355,248,2025-02-12,34.02,True
356,249,2025-02-26,30.99,True
357,250,2025-02-26,37.95,True
358,250,2025-05-02,32.64,False
359,251,2025-02-24,33.14,True
360,252,2025-02-28,24.06,True
361,252,2025-05-10,24.73,False
362,252,2025-06-29,41.26,False
363,253,2025-02-09,41.3,True
364,253,2025-04-22,52.26,False
365,254,2025-02-20,34.14,True
366,254,2025-04-24,32.84,False
367,255,2025-02-16,33.63,True
368,256,2025-02-16,31.45,True
369,256,2025-04-14,28.25,False
370,256,2025-07-14,40.33,False
371,257,2025-02-27,30.12,True
372,258,2025-02-26,30.73,True
373,259,2025-02-28,23.33,True
374,260,2025-02-23,33.88,True
375,261,2025-02-06,38.23,True
376,262,2025-02-18,36.15,True
377,263,2025-02-13,31.88,True
378,264,2025-02-10,32.89,True
379,265,2025-02-09,38.13,True
380,266,2025-02-14,31.18,True
381,267,2025-02-07,38.24,True
382,267,2025-04-19,30.51,False
383,268,2025-02-24,29.29,True
384,268,2025-05-08,24.77,False
385,269,2025-02-23,31.09,True
386,270,2025-02-27,37.91,True
387,270,2025-04-27,33.05,False
388,270,2025-06-14,40.17,False
389,271,2025-02-09,31.96,True
390,272,2025-02-17,43.15,True
391,273,2025-02-20,38.84,True
392,273,2025-04-26,41.97,False
393,274,2025-02-09,30.91,True
394,275,2025-02-12,39.01,True
395,276,2025-02-06,36.12,True
396,276,2025-04-24,39.93,False
397,276,2025-07-12,30.43,False
398,276,2025-10-11,26.19,False
399,277,2025-02-02,29.8,True
400,278,2025-02-04,37.6,True
401,279,2025-02-28,25.05,True
402,280,2025-02-22,33.45,True
403,281,2025-02-02,30.47,True
404,282,2025-02-21,34.55,True
405,283,2025-02-23,39.34,True
406,284,2025-02-08,32.45,True
407,285,2025-02-14,36.81,True
408,286,2025-02-21,34.3,True
409,287,2025-02-12,25.57,True
410,288,2025-02-15,23.16,True
411,288,2025-04-17,35.92,False
412,289,2025-02-06,31.19,True
413,289,2025-05-06,27.26,False
414,289,2025-06-30,38.7,False
415,290,2025-02-06,33.65,True
416,291,2025-03-30,32.15,True
417,292,2025-03-08,33.73,True
418,293,2025-04-02,34.75,True
419,293,2025-06-09,35.28,False
420,294,2025-03-06,36.71,True
421,294,2025-05-16,27.68,False
422,295,2025-03-14,28.35,True
423,296,2025-03-20,33.6,True
424,297,2025-03-13,26.66,True
425,298,2025-03-10,38.32,True
426,299,2025-03-04,38.79,True
427,300,2025-03-06,30.91,True
428,301,2025-03-26,30.74,True
429,302,2025-03-09,28.61,True
430,303,2025-03-07,23.12,True
431,304,2025-03-07,34.89,True
432,305,2025-03-03,37.88,True
433,306,2025-03-26,20.28,True
434,306,2025-06-20,38.25,False
435,307,2025-03-17,27.85,True
436,308,2025-03-19,33.42,True
437,309,2025-03-06,36.87,True
438,310,2025-03-07,24.64,True
439,311,2025-03-07,29.7,True
440,311,2025-06-09,36.32,False
441,312,2025-03-09,31.11,True
442,313,2025-03-21,38.36,True
443,314,2025-03-29,30.82,True
444,314,2025-06-14,38.33,False
445,315,2025-03-03,32.64,True
446,316,2025-03-14,31.49,True
447,317,2025-03-05,28.52,True
448,318,2025-03-22,33.41,True
449,319,2025-03-20,24.01,True
450,320,2025-03-25,30.86,True
451,320,2025-05-16,38.19,False
452,321,2025-03-21,24.5,True
453,322,2025-03-01,38.14,True
454,322,2025-05-10,39.84,False
455,323,2025-03-24,31.29,True
456,324,2025-03-27,24.14,True
457,325,2025-03-09,32.89,True
458,325,2025-05-18,33.21,False
459,325,2025-07-26,25.57,False
460,325,2025-09-22,33.04,False
461,326,2025-03-31,33.18,True
462,327,2025-03-24,33.3,True
463,328,2025-03-14,29.1,True
464,328,2025-06-10,39.85,False
465,328,2025-08-03,36.76,False
466,329,2025-04-02,35.03,True
467,329,2025-05-30,42.28,False
468,329,2025-07-29,47.54,False
469,329,2025-09-10,36.59,False
470,330,2025-03-24,32.37,True
471,331,2025-03-15,31.85,True
472,332,2025-04-01,29.42,True
473,333,2025-03-07,31.05,True
474,334,2025-03-25,30.06,True
475,335,2025-03-27,25.44,True
476,336,2025-03-23,29.12,True
477,337,2025-03-07,36.46,True
478,338,2025-03-23,28.72,True
479,339,2025-03-08,35.14,True
480,340,2025-03-15,26.85,True
481,340,2025-05-12,31.33,False
482,341,2025-03-23,26.74,True
483,341,2025-05-06,28.7,False
484,341,2025-07-03,52.86,False
485,342,2025-03-16,29.74,True
486,343,2025-03-28,40.53,True
487,344,2025-03-17,25.27,True
488,345,2025-03-30,39.31,True
489,345,2025-06-11,36.57,False
490,346,2025-03-18,35.44,True
491,347,2025-04-02,24.04,True
492,347,2025-06-04,26.05,False
493,347,2025-07-25,37.64,False
494,348,2025-03-19,30.37,True
495,349,2025-03-31,29.18,True
496,349,2025-06-01,38.65,False
497,350,2025-03-20,32.46,True
498,351,2025-03-13,32.0,True
499,352,2025-03-30,22.24,True
500,352,2025-06-24,37.64,False
501,352,2025-09-09,33.23,False
502,353,2025-03-09,34.42,True
503,354,2025-04-02,35.85,True
504,354,2025-06-28,39.87,False
505,355,2025-03-07,36.3,True
506,356,2025-03-16,30.87,True
507,357,2025-03-30,26.41,True
508,358,2025-03-04,32.44,True
509,359,2025-03-14,39.39,True
510,360,2025-03-14,32.05,True
511,360,2025-05-22,28.14,False
512,360,2025-08-16,36.2,False
513,361,2025-03-06,35.31,True
514,361,2025-04-29,34.2,False
515,361,2025-07-14,38.85,False
516,362,2025-03-25,37.22,True
517,362,2025-06-01,39.93,False
518,363,2025-03-20,37.12,True
519,364,2025-03-03,30.95,True
520,365,2025-03-02,33.18,True
521,365,2025-05-11,32.63,False
522,366,2025-03-08,26.68,True
523,367,2025-03-18,41.04,True
524,368,2025-03-23,35.62,True
525,369,2025-03-17,32.51,True
526,369,2025-05-25,29.62,False
527,370,2025-03-21,34.71,True
528,370,2025-06-13,31.3,False
529,371,2025-03-22,30.67,True
530,371,2025-06-01,38.72,False
531,371,2025-08-05,29.55,False
532,372,2025-03-14,35.01,True
533,372,2025-05-09,29.03,False
534,372,2025-08-07,36.88,False
535,373,2025-03-09,28.1,True
536,374,2025-03-25,17.41,True
537,375,2025-03-31,28.92,True
538,376,2025-03-16,24.67,True
539,376,2025-06-02,24.47,False
540,377,2025-03-25,26.04,True
541,378,2025-03-16,36.33,True
542,378,2025-06-04,25.69,False
543,379,2025-03-21,38.47,True
544,380,2025-04-01,31.83,True
545,381,2025-04-30,31.65,True
546,382,2025-04-06,34.83,True
547,383,2025-04-27,29.61,True
548,384,2025-04-07,35.3,True
549,384,2025-06-08,40.42,False
550,385,2025-04-13,27.03,True
551,386,2025-04-07,35.3,True
552,387,2025-04-12,25.1,True
553,388,2025-04-14,34.49,True
554,389,2025-04-19,35.83,True
555,390,2025-04-12,46.29,True
556,391,2025-04-05,34.92,True
557,392,2025-04-04,28.99,True
558,393,2025-04-21,40.61,True
559,393,2025-07-24,38.28,False
560,394,2025-04-24,36.82,True
561,394,2025-06-07,34.82,False
562,394,2025-09-06,27.56,False
563,395,2025-04-11,32.28,True
564,396,2025-04-29,32.27,True
565,396,2025-06-26,38.44,False
566,396,2025-08-23,29.08,False
567,397,2025-04-20,35.89,True
568,398,2025-04-25,28.85,True
569,399,2025-04-05,35.15,True
570,400,2025-04-07,32.47,True
571,401,2025-04-23,27.98,True
572,401,2025-07-22,37.54,False
573,401,2025-10-24,31.72,False
574,401,2026-01-08,32.93,False
575,402,2025-04-25,28.01,True
576,402,2025-07-21,38.34,False
577,402,2025-10-05,37.19,False
578,403,2025-04-16,32.31,True
579,403,2025-06-18,37.29,False
580,404,2025-04-23,32.22,True
581,405,2025-04-15,31.86,True
582,405,2025-07-06,32.86,False
583,406,2025-04-12,32.49,True
584,407,2025-04-25,33.62,True
585,408,2025-04-24,33.24,True
586,408,2025-06-10,37.91,False
587,409,2025-04-10,30.34,True
588,409,2025-06-08,31.68,False
589,409,2025-08-18,30.34,False
590,410,2025-04-01,32.64,True
591,410,2025-05-14,30.92,False
592,411,2025-04-20,35.0,True
593,412,2025-04-27,35.39,True
594,413,2025-04-19,27.28,True
595,414,2025-04-07,38.51,True
596,415,2025-04-16,38.24,True
597,415,2025-07-15,25.74,False
598,416,2025-04-11,27.75,True
599,417,2025-04-24,25.92,True
600,418,2025-04-26,34.41,True
601,418,2025-07-07,33.76,False
602,419,2025-04-03,22.69,True
603,420,2025-04-22,32.09,True
604,420,2025-07-12,33.19,False
605,421,2025-04-28,35.63,True
606,421,2025-07-02,36.22,False
607,422,2025-04-12,31.1,True
608,423,2025-04-06,27.93,True
609,424,2025-04-14,32.45,True
610,425,2025-04-24,30.53,True
611,426,2025-05-01,35.05,True
612,427,2025-04-26,36.9,True
613,428,2025-04-21,27.67,True
614,428,2025-06-05,36.07,False
615,429,2025-04-05,24.57,True
616,430,2025-04-29,32.43,True
617,431,2025-04-18,33.17,True
618,432,2025-04-22,42.93,True
619,433,2025-04-16,26.61,True
620,434,2025-04-24,27.38,True
621,434,2025-06-30,35.46,False
622,434,2025-09-26,34.17,False
623,435,2025-04-07,25.03,True
624,436,2025-04-19,28.9,True
625,437,2025-04-19,31.73,True
626,438,2025-05-02,31.58,True
627,439,2025-04-09,37.17,True
628,440,2025-04-25,33.23,True
629,441,2025-04-21,20.11,True
630,441,2025-06-21,34.83,False
631,442,2025-04-12,35.04,True
632,443,2025-04-11,29.72,True
633,443,2025-06-17,29.46,False
634,444,2025-04-23,32.63,True
635,445,2025-04-10,41.43,True
636,446,2025-04-14,38.18,True
637,446,2025-06-10,37.66,False
638,447,2025-04-25,35.49,True
639,448,2025-04-22,24.1,True
640,448,2025-07-02,42.85,False
641,449,2025-04-29,37.82,True
642,449,2025-08-01,31.5,False
643,449,2025-10-27,34.16,False
644,449,2026-01-04,19.42,False
645,450,2025-04-28,29.53,True
646,451,2025-04-13,38.46,True
647,451,2025-06-19,40.96,False
648,451,2025-08-13,36.34,False
649,452,2025-04-17,30.56,True
650,453,2025-04-21,30.65,True
651,454,2025-04-12,37.7,True
652,454,2025-06-08,21.7,False
653,454,2025-08-31,44.82,False
654,454,2025-11-26,42.0,False
655,455,2025-04-03,33.3,True
656,455,2025-05-19,36.51,False
657,456,2025-04-02,37.25,True
658,456,2025-05-14,44.88,False
659,457,2025-04-27,31.06,True
660,458,2025-04-08,31.12,True
661,458,2025-06-14,40.5,False
662,459,2025-04-04,31.81,True
663,460,2025-04-25,21.07,True
664,461,2025-04-27,38.05,True
665,462,2025-04-10,27.01,True
666,463,2025-04-21,44.66,True
667,463,2025-06-29,42.72,False
668,464,2025-04-05,35.94,True
669,464,2025-05-20,35.31,False
670,464,2025-07-09,33.87,False
671,465,2025-04-04,28.5,True
672,466,2025-05-26,36.98,True
673,467,2025-05-28,22.42,True
674,467,2025-07-24,35.07,False
675,467,2025-10-18,31.78,False
676,467,2025-12-16,43.94,False
677,468,2025-05-08,29.69,True
678,468,2025-07-21,37.97,False
679,469,2025-06-01,32.18,True
680,470,2025-05-21,35.81,True
681,470,2025-07-01,30.71,False
682,471,2025-05-30,31.5,True
683,472,2025-05-12,36.24,True
684,472,2025-07-18,35.99,False
685,473,2025-05-14,35.83,True
686,474,2025-05-19,43.05,True
687,475,2025-05-26,29.26,True
688,476,2025-05-31,33.24,True
689,477,2025-05-28,38.09,True
690,478,2025-05-06,33.79,True
691,479,2025-05-12,28.99,True
692,479,2025-07-16,40.83,False
693,479,2025-09-30,32.48,False
694,480,2025-05-17,34.78,True
695,481,2025-05-11,40.91,True
696,481,2025-06-27,34.72,False
697,482,2025-05-30,35.41,True
698,482,2025-07-13,33.77,False
699,483,2025-05-07,37.74,True
700,484,2025-05-29,32.73,True
701,485,2025-05-27,27.65,True
702,486,2025-05-16,35.07,True
703,487,2025-05-20,34.04,True
704,488,2025-05-18,31.77,True
705,488,2025-07-02,48.12,False
706,489,2025-05-07,23.6,True
707,490,2025-05-23,21.57,True
708,491,2025-05-26,21.5,True
709,492,2025-05-10,39.45,True
710,493,2025-05-28,38.64,True
711,494,2025-05-29,27.29,True
712,495,2025-05-31,22.95,True
713,496,2025-05-20,35.2,True
714,497,2025-05-10,31.63,True
715,498,2025-05-28,27.18,True
716,499,2025-05-14,27.04,True
717,500,2025-05-28,33.7,True
718,501,2025-05-24,32.41,True
719,502,2025-05-12,35.12,True
720,503,2025-05-25,34.35,True
721,504,2025-06-01,27.89,True
722,505,2025-05-24,22.43,True
723,505,2025-07-24,32.74,False
724,506,2025-05-23,33.02,True
725,507,2025-05-07,27.04,True
726,508,2025-05-19,25.35,True
727,509,2025-05-11,28.99,True
728,510,2025-05-17,28.61,True
729,511,2025-05-05,28.14,True
730,512,2025-05-04,28.58,True
731,513,2025-05-09,29.24,True
732,513,2025-07-31,44.8,False
733,514,2025-05-23,32.45,True
734,515,2025-05-09,32.03,True
735,516,2025-05-13,35.44,True
736,517,2025-05-29,30.93,True
737,518,2025-05-03,34.94,True
738,518,2025-07-19,30.18,False
739,519,2025-05-02,31.22,True
740,519,2025-06-30,37.75,False
741,520,2025-05-06,22.51,True
742,521,2025-05-10,31.9,True
743,522,2025-05-09,27.25,True
744,523,2025-05-03,26.96,True
745,524,2025-05-27,24.86,True
746,525,2025-05-06,30.0,True
747,526,2025-05-07,28.72,True
748,527,2025-05-01,29.68,True
749,528,2025-05-13,33.83,True
750,529,2025-05-06,23.13,True
751,530,2025-05-19,30.89,True
752,530,2025-07-07,31.86,False
753,530,2025-09-27,25.46,False
754,530,2025-11-16,43.72,False
755,531,2025-05-19,26.84,True
756,532,2025-05-15,39.0,True
757,533,2025-05-19,32.73,True
758,534,2025-05-26,36.29,True
759,534,2025-07-06,43.12,False
760,535,2025-05-03,34.0,True
761,536,2025-05-21,31.43,True
762,537,2025-05-06,31.63,True
763,538,2025-05-03,32.34,True
764,539,2025-05-22,37.2,True
765,539,2025-07-08,37.05,False
766,540,2025-05-10,32.9,True
767,541,2025-05-24,27.48,True
768,542,2025-05-19,25.68,True
769,543,2025-05-09,40.64,True
770,544,2025-05-18,29.99,True
771,545,2025-05-26,44.29,True
772,546,2025-06-06,29.33,True
773,546,2025-07-22,27.23,False
774,547,2025-06-05,36.22,True
775,548,2025-06-11,35.38,True
776,548,2025-07-22,36.06,False
777,548,2025-10-18,47.55,False
778,549,2025-07-01,27.42,True
779,550,2025-07-01,27.02,True
780,551,2025-06-07,34.77,True
781,551,2025-08-07,43.18,False
782,552,2025-06-22,37.48,True
783,552,2025-08-23,32.01,False
784,553,2025-06-30,28.9,True
785,554,2025-06-05,31.22,True
786,554,2025-08-09,44.21,False
787,554,2025-10-03,45.45,False
788,554,2025-12-20,36.76,False
789,555,2025-06-19,24.66,True
790,556,2025-06-14,47.3,True
791,557,2025-06-17,34.55,True
792,558,2025-06-24,34.86,True
793,559,2025-06-23,26.63,True
794,560,2025-06-20,20.79,True
795,561,2025-06-06,27.84,True
796,562,2025-06-24,36.47,True
797,563,2025-06-03,31.99,True
798,563,2025-07-18,36.85,False
799,564,2025-06-26,27.91,True
800,564,2025-09-02,35.44,False
801,565,2025-06-23,28.68,True
802,566,2025-06-28,36.89,True
803,566,2025-09-26,40.85,False
804,567,2025-06-17,37.11,True
805,568,2025-06-18,32.21,True
806,569,2025-06-22,26.0,True
807,570,2025-06-18,41.44,True
808,571,2025-06-22,33.79,True
809,571,2025-09-03,45.46,False
810,571,2025-11-23,41.47,False
811,572,2025-06-10,25.64,True
812,573,2025-06-07,36.49,True
813,574,2025-06-27,25.25,True
814,575,2025-06-17,36.35,True
815,575,2025-08-07,42.34,False
816,576,2025-06-15,23.17,True
817,576,2025-08-15,31.5,False
818,576,2025-11-05,43.59,False
819,577,2025-06-08,31.34,True
820,578,2025-06-16,34.11,True
821,579,2025-06-26,26.15,True
822,580,2025-06-14,30.36,True
823,581,2025-06-19,26.91,True
824,582,2025-06-13,32.92,True
825,583,2025-06-02,31.86,True
826,584,2025-06-12,32.14,True
827,585,2025-06-07,28.59,True
828,586,2025-06-28,37.14,True
829,587,2025-06-28,29.08,True
830,588,2025-06-15,28.08,True
831,589,2025-06-23,43.5,True
832,590,2025-06-15,31.02,True
833,591,2025-06-20,29.76,True
834,591,2025-09-14,37.33,False
835,592,2025-06-09,40.14,True
836,593,2025-06-14,29.57,True
837,594,2025-06-13,43.66,True
838,595,2025-06-06,38.25,True
839,596,2025-06-02,24.26,True
840,597,2025-06-23,22.13,True
841,598,2025-06-13,35.7,True
842,598,2025-08-06,33.88,False
843,599,2025-06-27,36.94,True
844,599,2025-08-31,42.34,False
845,600,2025-06-15,29.34,True
846,601,2025-06-28,39.51,True
847,601,2025-09-29,31.43,False
848,602,2025-06-19,29.28,True
849,603,2025-06-07,27.8,True
850,604,2025-06-10,34.86,True
851,605,2025-06-23,37.46,True
852,606,2025-06-09,31.52,True
853,607,2025-06-19,38.3,True
854,608,2025-06-05,29.54,True
855,609,2025-06-30,34.43,True
856,609,2025-09-22,44.54,False
857,609,2025-11-19,30.39,False
858,610,2025-06-08,29.74,True
859,611,2025-06-05,29.63,True
860,611,2025-08-22,43.07,False
861,612,2025-06-03,32.85,True
862,613,2025-06-26,33.28,True
863,613,2025-08-25,48.46,False
864,613,2025-10-18,37.25,False
865,614,2025-06-25,38.34,True
866,615,2025-06-23,23.37,True
867,616,2025-06-03,29.67,True
868,617,2025-06-04,29.39,True
869,618,2025-06-04,26.19,True
870,619,2025-06-12,36.85,True
871,620,2025-06-05,36.69,True
872,621,2025-07-22,28.78,True
873,622,2025-07-14,28.9,True
874,623,2025-07-18,37.32,True
875,623,2025-09-02,41.86,False
876,624,2025-07-11,23.19,True
877,625,2025-07-13,35.14,True
878,625,2025-09-06,27.01,False
879,626,2025-07-25,35.45,True
880,626,2025-10-04,30.11,False
881,626,2025-11-13,27.83,False
882,627,2025-07-16,32.43,True
883,628,2025-07-06,37.29,True
884,629,2025-07-05,37.12,True
885,630,2025-07-21,37.82,True
886,631,2025-07-26,34.14,True
887,632,2025-07-12,33.6,True
888,632,2025-08-22,32.71,False
889,633,2025-07-02,35.52,True
890,633,2025-08-18,38.8,False
891,634,2025-07-16,43.17,True
892,635,2025-07-18,32.43,True
893,636,2025-08-01,33.28,True
894,637,2025-07-16,31.69,True
895,638,2025-07-10,35.08,True
896,638,2025-09-27,33.31,False
897,639,2025-07-10,36.35,True
898,640,2025-07-18,37.49,True
899,640,2025-09-22,29.09,False
900,640,2025-11-04,30.88,False
901,641,2025-07-11,34.43,True
902,642,2025-07-07,25.25,True
903,643,2025-07-30,37.75,True
904,644,2025-07-18,36.83,True
905,644,2025-10-04,32.12,False
906,645,2025-07-01,30.31,True
907,646,2025-07-13,33.65,True
908,647,2025-07-12,33.98,True
909,647,2025-10-05,35.77,False
910,648,2025-07-28,37.41,True
911,649,2025-07-12,30.11,True
912,649,2025-10-09,41.77,False
913,650,2025-07-02,30.0,True
914,651,2025-07-13,29.21,True
915,651,2025-09-28,31.56,False
916,652,2025-07-28,37.37,True
917,652,2025-10-08,34.7,False
918,652,2025-12-25,33.03,False
919,653,2025-07-17,35.1,True
920,653,2025-09-15,33.35,False
921,653,2025-11-21,39.3,False
922,654,2025-07-12,36.88,True
923,655,2025-07-17,34.42,True
924,655,2025-09-25,33.34,False
925,656,2025-07-23,31.13,True
926,656,2025-09-25,42.52,False
927,657,2025-07-21,28.65,True
928,658,2025-07-27,23.97,True
929,659,2025-07-16,35.89,True
930,660,2025-07-15,34.93,True
931,661,2025-07-28,30.69,True
932,661,2025-10-24,24.69,False
933,662,2025-07-18,30.59,True
934,662,2025-09-03,38.93,False
935,662,2025-11-05,33.91,False
936,663,2025-07-05,35.91,True
937,664,2025-07-10,33.28,True
938,664,2025-09-07,30.5,False
939,665,2025-07-19,36.13,True
940,666,2025-07-29,18.48,True
941,667,2025-07-20,29.38,True
942,667,2025-09-02,36.99,False
943,667,2025-11-13,37.29,False
944,668,2025-07-02,25.59,True
945,669,2025-07-06,33.52,True
946,670,2025-07-09,24.32,True
947,671,2025-07-27,31.96,True
948,671,2025-09-13,34.32,False
949,672,2025-07-31,33.13,True
950,673,2025-07-28,28.66,True
951,673,2025-09-30,38.56,False
952,674,2025-07-05,24.25,True
953,674,2025-09-09,25.64,False
954,675,2025-07-11,34.92,True
955,676,2025-07-15,30.7,True
956,677,2025-07-19,33.99,True
957,678,2025-07-29,37.26,True
958,679,2025-07-16,35.55,True
959,680,2025-07-18,40.36,True
960,680,2025-10-03,35.76,False
961,681,2025-07-18,32.65,True
962,682,2025-07-10,32.33,True
963,683,2025-07-15,32.68,True
964,684,2025-07-12,31.42,True
965,685,2025-07-02,46.07,True
966,686,2025-07-21,34.63,True
967,687,2025-07-21,23.97,True
968,688,2025-07-16,32.54,True
969,689,2025-07-27,28.74,True
970,690,2025-07-18,41.63,True
971,690,2025-09-28,36.38,False
972,691,2025-08-13,31.36,True
973,692,2025-08-27,34.23,True
974,692,2025-10-30,36.08,False
975,692,2026-01-02,36.24,False
976,693,2025-08-08,27.4,True
977,693,2025-10-06,28.06,False
978,694,2025-08-21,39.81,True
979,695,2025-08-29,33.76,True
980,696,2025-08-12,36.69,True
981,696,2025-11-13,41.18,False
982,697,2025-08-15,33.76,True
983,698,2025-08-09,30.67,True
984,698,2025-09-29,42.29,False
985,699,2025-08-06,28.29,True
986,699,2025-10-07,42.2,False
987,700,2025-08-11,30.74,True
988,701,2025-08-23,34.91,True
989,701,2025-10-26,36.68,False
990,702,2025-08-02,38.91,True
991,703,2025-08-15,26.05,True
992,703,2025-10-10,41.11,False
993,704,2025-08-28,33.82,True
994,705,2025-08-23,28.96,True
995,705,2025-11-21,37.12,False
996,706,2025-08-30,35.23,True
997,707,2025-08-09,31.69,True
998,708,2025-08-06,26.88,True
999,708,2025-10-04,31.2,False
1000,709,2025-08-27,38.74,True
1001,710,2025-08-10,30.12,True
1002,711,2025-08-01,29.14,True
1003,712,2025-08-03,36.84,True
1004,712,2025-10-02,44.75,False
1005,713,2025-09-01,23.76,True
1006,713,2025-10-13,40.72,False
1007,714,2025-09-01,28.17,True
1008,714,2025-11-06,24.88,False
1009,715,2025-08-03,28.49,True
1010,715,2025-10-19,34.41,False
1011,716,2025-08-27,27.58,True
1012,717,2025-08-08,42.11,True
1013,718,2025-08-30,38.13,True
1014,719,2025-08-15,37.95,True
1015,720,2025-08-07,31.14,True
1016,721,2025-08-06,38.68,True
1017,722,2025-08-29,24.22,True
1018,723,2025-08-06,28.76,True
1019,724,2025-08-15,39.12,True
1020,724,2025-11-03,36.31,False
1021,725,2025-09-02,36.27,True
1022,726,2025-08-26,33.74,True
1023,727,2025-08-06,27.47,True
1024,727,2025-09-19,36.09,False
1025,727,2025-11-29,37.89,False
1026,728,2025-08-09,32.05,True
1027,729,2025-08-15,32.68,True
1028,729,2025-10-12,39.16,False
1029,729,2025-11-29,27.83,False
1030,730,2025-08-10,35.05,True
1031,731,2025-08-27,28.83,True
1032,732,2025-08-11,29.76,True
1033,733,2025-08-15,25.94,True
1034,734,2025-08-13,38.75,True
1035,734,2025-11-05,24.37,False
1036,735,2025-08-18,28.05,True
1037,736,2025-08-13,26.69,True
1038,737,2025-08-17,27.54,True
1039,738,2025-08-01,34.61,True
1040,738,2025-10-25,39.58,False
1041,739,2025-08-06,34.35,True
1042,740,2025-08-21,32.4,True
1043,741,2025-08-09,35.85,True
1044,741,2025-10-05,38.73,False
1045,742,2025-08-26,35.48,True
1046,743,2025-08-31,31.5,True
1047,744,2025-08-07,35.16,True
1048,745,2025-09-01,28.32,True
1049,746,2025-08-27,30.13,True
1050,747,2025-08-05,29.56,True
1051,748,2025-08-13,29.63,True
1052,749,2025-08-27,23.46,True
1053,750,2025-08-15,30.17,True
1054,751,2025-08-09,28.37,True
1055,752,2025-08-31,28.84,True
1056,753,2025-08-14,30.86,True
1057,754,2025-08-04,31.28,True
1058,755,2025-08-22,23.07,True
1059,755,2025-10-30,37.82,False
1060,756,2025-08-16,37.85,True
1061,757,2025-08-14,36.64,True
1062,758,2025-08-26,25.28,True
1063,758,2025-10-09,39.28,False
1064,759,2025-08-09,27.47,True
1065,760,2025-08-01,22.57,True
1066,761,2025-09-09,22.64,True
1067,761,2025-12-05,33.55,False
1068,762,2025-09-28,35.57,True
1069,763,2025-09-29,23.42,True
1070,764,2025-09-03,40.32,True
1071,764,2025-12-04,39.38,False
1072,765,2025-09-23,25.94,True
1073,765,2025-11-17,38.41,False
1074,766,2025-09-03,25.49,True
1075,766,2025-12-06,44.44,False
1076,767,2025-09-19,28.22,True
1077,767,2025-12-05,33.52,False
1078,768,2025-09-19,25.92,True
1079,768,2025-10-29,29.66,False
1080,768,2025-12-28,26.41,False
1081,769,2025-09-17,28.82,True
1082,770,2025-09-22,35.31,True
1083,771,2025-09-08,23.91,True
1084,772,2025-09-23,26.76,True
1085,773,2025-09-10,38.76,True
1086,774,2025-09-11,25.4,True
1087,775,2025-09-24,30.42,True
1088,776,2025-09-09,33.98,True
1089,777,2025-09-17,26.49,True
1090,778,2025-09-20,36.44,True
1091,778,2025-11-16,27.39,False
1092,779,2025-09-13,35.78,True
1093,780,2025-09-10,33.98,True
1094,781,2025-09-20,34.35,True
1095,782,2025-09-07,32.58,True
1096,783,2025-09-25,32.99,True
1097,784,2025-09-27,31.75,True
1098,785,2025-09-28,31.72,True
1099,785,2025-12-13,50.3,False
1100,786,2025-09-20,32.13,True
1101,787,2025-09-16,36.92,True
1102,788,2025-09-16,38.55,True
1103,789,2025-09-06,29.72,True
1104,789,2025-11-08,30.03,False
1105,790,2025-09-27,26.83,True
1106,790,2025-11-14,37.32,False
1107,791,2025-09-23,33.48,True
1108,791,2025-12-22,34.48,False
1109,792,2025-09-30,33.64,True
1110,792,2025-12-03,27.79,False
1111,793,2025-09-29,26.38,True
1112,794,2025-09-11,27.46,True
1113,795,2025-09-29,30.48,True
1114,796,2025-09-05,28.61,True
1115,796,2025-11-25,32.1,False
1116,797,2025-09-23,36.48,True
1117,798,2025-09-07,39.15,True
1118,799,2025-09-20,34.35,True
1119,800,2025-09-10,33.81,True
1120,800,2025-11-05,40.12,False
1121,801,2025-09-20,31.43,True
1122,802,2025-09-21,30.4,True
1123,803,2025-09-13,33.81,True
1124,804,2025-09-13,27.56,True
1125,805,2025-09-24,35.17,True
1126,806,2025-09-14,25.88,True
1127,806,2025-10-26,39.57,False
1128,807,2025-09-17,42.99,True
1129,808,2025-09-28,31.13,True
1130,809,2025-09-14,31.84,True
1131,810,2025-09-03,31.25,True
1132,811,2025-09-22,31.11,True
1133,811,2025-11-30,41.34,False
1134,811,2026-01-12,32.75,False
1135,812,2025-09-01,36.33,True
1136,813,2025-09-15,31.51,True
1137,814,2025-09-18,28.74,True
1138,814,2025-10-31,37.09,False
1139,814,2026-01-07,35.55,False
1140,815,2025-09-26,30.9,True
1141,815,2025-11-18,35.04,False
1142,816,2025-09-29,27.88,True
1143,817,2025-09-08,30.02,True
1144,818,2025-09-12,36.3,True
1145,819,2025-09-23,37.13,True
1146,819,2025-12-20,25.7,False
1147,820,2025-09-23,43.38,True
1148,820,2025-12-16,31.41,False
1149,821,2025-09-08,23.18,True
1150,822,2025-09-21,34.18,True
1151,823,2025-09-28,32.85,True
1152,823,2025-12-26,33.89,False
1153,824,2025-09-06,38.38,True
1154,825,2025-09-06,34.79,True
1155,825,2025-11-26,32.14,False
1156,826,2025-09-25,28.96,True
1157,827,2025-09-08,28.47,True
1158,828,2025-09-05,35.66,True
1159,829,2025-09-10,35.73,True
1160,829,2025-11-30,34.17,False
1161,830,2025-09-12,37.09,True
1162,830,2025-12-09,38.1,False
1163,831,2025-10-02,38.91,True
1164,832,2025-09-03,33.53,True
1165,832,2025-10-16,56.72,False
1166,833,2025-09-22,39.1,True
1167,834,2025-09-15,41.97,True
1168,835,2025-09-16,30.02,True
1169,835,2025-11-28,30.97,False
1170,836,2025-10-30,31.61,True
1171,837,2025-10-28,27.76,True
1172,838,2025-10-13,33.11,True
1173,839,2025-10-24,34.5,True
1174,840,2025-10-05,29.83,True
1175,841,2025-10-21,28.05,True
1176,842,2025-10-24,37.59,True
1177,842,2025-12-29,33.78,False
1178,843,2025-10-30,29.67,True
1179,844,2025-10-26,29.61,True
1180,844,2025-12-06,42.95,False
1181,845,2025-10-09,26.59,True
1182,845,2025-11-27,47.06,False
1183,846,2025-10-28,30.8,True
1184,847,2025-10-01,39.04,True
1185,848,2025-10-08,29.68,True
1186,848,2026-01-06,46.15,False
1187,849,2025-10-17,31.35,True
1188,850,2025-10-09,24.13,True
1189,851,2025-10-19,32.37,True
1190,851,2026-01-13,32.04,False
1191,852,2025-10-26,29.78,True
1192,853,2025-10-03,29.03,True
1193,854,2025-10-20,33.3,True
1194,855,2025-10-21,20.11,True
1195,855,2026-01-03,36.26,False
1196,856,2025-10-09,31.74,True
1197,856,2025-12-23,30.31,False
1198,857,2025-10-12,32.5,True
1199,857,2025-12-22,30.4,False
1200,858,2025-10-30,34.36,True
1201,859,2025-10-05,41.18,True
1202,860,2025-10-27,37.11,True
1203,861,2025-10-11,32.76,True
1204,861,2025-11-28,34.5,False
1205,862,2025-10-30,31.59,True
1206,863,2025-10-10,33.79,True
1207,864,2025-10-20,34.04,True
1208,865,2025-10-12,26.26,True
1209,865,2025-12-27,29.84,False
1210,866,2025-10-21,30.19,True
1211,867,2025-10-14,33.76,True
1212,867,2026-01-15,33.78,False
1213,868,2025-11-02,36.84,True
1214,869,2025-10-29,31.31,True
1215,870,2025-10-16,26.32,True
1216,870,2025-12-31,41.25,False
1217,871,2025-10-15,31.34,True
1218,872,2025-10-23,41.72,True
1219,872,2025-12-20,31.85,False
1220,873,2025-10-25,30.58,True
1221,874,2025-10-09,39.99,True
1222,874,2025-11-18,29.55,False
1223,875,2025-10-12,33.25,True
1224,875,2026-01-07,33.21,False
1225,876,2025-10-26,31.76,True
1226,877,2025-10-26,39.74,True
1227,878,2025-10-04,29.33,True
1228,879,2025-10-29,23.51,True
1229,879,2025-12-20,40.48,False
1230,880,2025-10-11,27.67,True
1231,880,2025-12-31,37.87,False
1232,881,2025-10-31,37.78,True
1233,882,2025-10-04,28.52,True
1234,883,2025-11-01,32.85,True
1235,884,2025-10-20,24.53,True
1236,885,2025-10-04,34.64,True
1237,886,2025-10-22,41.54,True
1238,886,2025-12-11,40.91,False
1239,887,2025-10-01,33.67,True
1240,888,2025-10-12,26.9,True
1241,888,2025-12-04,29.53,False
1242,889,2025-10-08,39.0,True
1243,889,2025-11-25,34.52,False
1244,890,2025-10-25,34.95,True
1245,891,2025-10-03,30.66,True
1246,892,2025-10-08,33.91,True
1247,893,2025-10-05,28.92,True
1248,894,2025-10-03,31.94,True
1249,894,2025-11-28,50.56,False
1250,895,2025-10-27,28.25,True
1251,896,2025-10-17,34.56,True
1252,897,2025-10-05,35.79,True
1253,898,2025-10-28,31.79,True
1254,899,2025-10-24,32.3,True
1255,900,2025-10-22,26.75,True
1256,900,2025-12-28,34.08,False
1257,901,2025-10-28,28.32,True
1258,902,2025-10-02,25.13,True
1259,903,2025-10-22,33.2,True
1260,904,2025-10-24,37.43,True
1261,904,2026-01-11,31.79,False
1262,905,2025-10-05,26.96,True
1263,906,2025-10-12,30.69,True
1264,906,2025-12-08,43.63,False
1265,907,2025-10-21,36.77,True
1266,908,2025-10-25,30.56,True
1267,908,2026-01-07,40.71,False
1268,909,2025-10-21,31.31,True
1269,910,2025-10-07,26.06,True
1270,910,2025-12-10,37.13,False
1271,911,2025-10-11,33.45,True
1272,912,2025-10-23,31.96,True
1273,913,2025-10-08,33.5,True
1274,914,2025-10-04,37.29,True
1275,914,2026-01-02,24.88,False
1276,915,2025-10-20,32.11,True
1277,915,2026-01-04,43.46,False
1278,916,2025-10-13,36.97,True
1279,916,2025-11-27,31.87,False
1280,917,2025-10-14,40.12,True
1281,918,2025-10-05,35.96,True
1282,918,2025-12-05,34.16,False
1283,919,2025-10-14,33.59,True
1284,919,2025-11-24,36.71,False
1285,920,2025-10-13,35.21,True
1286,921,2025-11-13,33.34,True
1287,922,2025-11-14,34.11,True
1288,923,2025-11-26,34.76,True
1289,924,2025-11-26,37.55,True
1290,925,2025-11-04,40.18,True
1291,926,2025-11-27,32.77,True
1292,926,2026-01-10,30.56,False
1293,927,2025-11-15,33.24,True
1294,928,2025-11-10,26.71,True
1295,928,2025-12-26,35.06,False
1296,929,2025-11-20,20.8,True
1297,930,2025-11-07,28.09,True
1298,931,2025-11-05,31.76,True
1299,931,2026-01-09,35.33,False
1300,932,2025-11-06,31.06,True
1301,933,2025-11-27,25.85,True
1302,934,2025-11-12,36.33,True
1303,935,2025-11-12,24.85,True
1304,936,2025-11-09,32.84,True
1305,937,2025-11-24,29.27,True
1306,938,2025-11-28,33.51,True
1307,939,2025-11-24,33.84,True
1308,940,2025-11-06,24.51,True
1309,941,2025-11-27,18.75,True
1310,942,2025-11-15,35.58,True
1311,943,2025-11-09,31.64,True
1312,944,2025-11-09,38.14,True
1313,945,2025-11-26,32.34,True
1314,946,2025-11-08,32.06,True
1315,947,2025-11-10,23.37,True
1316,947,2026-01-01,35.42,False
1317,948,2025-11-16,33.75,True
1318,949,2025-11-10,29.76,True
1319,950,2025-12-01,34.04,True
1320,951,2025-11-28,29.69,True
1321,952,2025-11-16,28.98,True
1322,953,2025-11-18,32.34,True
1323,954,2025-11-09,31.8,True
1324,955,2025-11-13,31.26,True
1325,956,2025-11-23,29.64,True
1326,957,2025-11-27,29.07,True
1327,958,2025-11-30,29.74,True
1328,959,2025-11-19,22.55,True
1329,960,2025-11-22,26.56,True
1330,960,2026-01-14,26.31,False
1331,961,2025-11-16,26.91,True
1332,962,2025-11-07,32.94,True
1333,963,2025-11-18,26.3,True
1334,963,2025-12-28,41.41,False
1335,964,2025-11-20,32.12,True
1336,964,2026-01-08,48.22,False
1337,965,2025-11-11,38.06,True
1338,965,2026-01-12,32.14,False
1339,966,2025-11-06,24.02,True
1340,967,2025-11-05,27.65,True
1341,968,2025-11-11,30.34,True
1342,968,2025-12-31,36.57,False
1343,969,2025-11-11,25.24,True
1344,970,2025-11-10,29.78,True
1345,971,2025-12-01,34.61,True
1346,972,2025-11-20,28.86,True
1347,973,2025-11-21,30.26,True
1348,974,2025-11-28,31.14,True
1349,975,2025-11-16,26.49,True
1350,975,2026-01-06,30.87,False
1351,976,2025-11-25,38.28,True
1352,977,2025-11-20,21.59,True
1353,978,2025-11-16,32.91,True
1354,979,2025-11-25,35.93,True
1355,980,2025-11-16,31.53,True
1356,981,2025-11-03,33.78,True
1357,982,2025-11-08,32.51,True
1358,983,2025-11-29,36.86,True
1359,984,2025-11-06,32.94,True
1360,984,2025-12-24,42.74,False
1361,985,2025-12-02,39.48,True
1362,986,2025-11-28,27.44,True
1363,987,2025-11-26,28.66,True
1364,988,2025-11-11,35.5,True
1365,989,2025-11-22,29.39,True
1366,989,2026-01-12,35.03,False
1367,990,2025-11-28,33.77,True
1368,991,2025-11-12,37.65,True
1369,992,2025-11-11,22.89,True
1370,993,2025-11-17,32.4,True
1371,994,2025-11-17,27.48,True
1372,995,2025-11-23,33.27,True
1373,996,2025-11-13,32.63,True
1374,997,2025-11-15,30.34,True
1375,998,2025-11-29,24.93,True
1376,999,2025-11-06,29.77,True
1377,1000,2025-11-29,34.81,True
1378,1001,2025-11-08,34.93,True
1379,1002,2025-11-21,24.81,True
1380,1003,2025-11-25,33.38,True
1381,1004,2025-11-11,24.2,True
1382,1005,2025-11-13,28.61,True
1383,1006,2025-11-07,30.28,True
1384,1006,2026-01-08,30.64,False
1385,1007,2025-11-16,28.52,True
1386,1008,2025-11-14,24.05,True
1387,1009,2025-11-04,27.92,True
1388,1010,2025-11-28,25.65,True
1389,1011,2025-11-13,32.0,True
1390,1011,2026-01-04,30.4,False
1391,1012,2025-11-04,36.42,True
1392,1013,2025-11-21,30.0,True
1393,1014,2025-11-28,18.88,True
1394,1015,2025-11-29,36.12,True
1395,1016,2025-12-01,36.1,True
1396,1017,2025-11-02,24.64,True
1397,1018,2025-11-10,23.74,True
1398,1019,2025-11-11,27.88,True
1399,1020,2025-11-04,21.36,True
1400,1021,2025-11-23,26.95,True
1401,1022,2025-11-06,37.1,True
1402,1023,2025-11-23,37.48,True
1403,1024,2025-11-01,30.64,True
1404,1025,2025-11-17,32.17,True
1405,1026,2025-11-13,27.12,True
1406,1026,2025-12-25,34.23,False
1407,1027,2025-11-11,36.45,True
1408,1028,2025-11-23,29.61,True
1409,1029,2025-11-06,30.61,True
1410,1030,2025-11-25,34.08,True
1411,1031,2025-11-21,28.57,True
1412,1032,2025-11-12,32.5,True
1413,1032,2026-01-09,43.83,False
1414,1033,2025-11-28,24.82,True
1415,1034,2025-11-25,34.4,True
1416,1035,2025-11-13,30.74,True
1417,1035,2025-12-25,49.87,False
1418,1036,2025-11-27,27.61,True
1419,1037,2025-11-25,31.32,True
1420,1038,2025-11-06,30.1,True
1421,1039,2025-11-08,31.06,True
1422,1040,2025-11-14,35.98,True
1423,1041,2025-11-23,36.02,True
1424,1042,2025-11-09,32.86,True
1425,1043,2025-11-12,31.59,True
1426,1044,2025-11-17,34.4,True
1427,1045,2025-11-20,32.41,True
1428,1046,2025-11-16,32.07,True
1429,1047,2025-11-12,30.38,True
1430,1048,2025-12-01,29.09,True
1431,1049,2025-11-29,29.58,True
1432,1050,2025-11-14,32.56,True
1433,1051,2025-11-28,32.01,True
1434,1052,2025-12-01,31.58,True
1435,1053,2025-11-28,35.31,True
1436,1054,2025-11-20,34.47,True
1437,1055,2025-11-30,24.6,True
1438,1056,2025-11-08,27.47,True
1439,1057,2025-11-17,26.5,True
1440,1058,2025-11-19,35.63,True
1441,1059,2025-12-01,27.22,True
1442,1060,2025-11-10,42.58,True
1443,1061,2025-12-06,27.28,True
1444,1062,2025-12-24,40.85,True
1445,1063,2025-12-31,44.14,True
1446,1064,2025-12-07,28.3,True
1447,1065,2025-12-31,33.99,True
1448,1066,2025-12-12,36.94,True
1449,1067,2025-12-02,41.02,True
1450,1068,2025-12-11,38.75,True
1451,1069,2025-12-27,34.46,True
1452,1070,2025-12-03,37.36,True
1453,1071,2025-12-03,22.34,True
1454,1072,2025-12-27,28.73,True
1455,1073,2025-12-11,40.14,True
1456,1074,2025-12-03,34.63,True
1457,1075,2025-12-06,33.99,True
1458,1076,2025-12-06,37.51,True
1459,1077,2025-12-02,36.46,True
1460,1078,2025-12-26,33.0,True
1461,1079,2025-12-27,31.6,True
1462,1080,2025-12-21,39.17,True
1463,1081,2025-12-02,29.18,True
1464,1082,2025-12-18,27.87,True
1465,1083,2025-12-13,31.71,True
1466,1084,2025-12-14,29.49,True
1467,1085,2025-12-22,30.38,True
1468,1086,2025-12-28,29.25,True
1469,1087,2025-12-11,40.91,True
1470,1088,2025-12-02,28.88,True
1471,1089,2025-12-09,31.93,True
1472,1090,2025-12-05,30.42,True
1473,1091,2025-12-14,38.13,True
1474,1092,2025-12-22,33.9,True
1475,1093,2025-12-04,30.68,True
1476,1094,2025-12-14,40.02,True
1477,1095,2025-12-09,28.8,True
1478,1096,2025-12-02,35.1,True
1479,1097,2025-12-05,34.92,True
1480,1098,2025-12-24,37.94,True
1481,1099,2025-12-27,25.38,True
1482,1100,2025-12-15,37.78,True
1483,1101,2025-12-24,26.57,True
1484,1102,2025-12-02,38.44,True
1485,1103,2025-12-18,38.8,True
1486,1104,2025-12-26,36.79,True
1487,1105,2025-12-02,26.0,True
1488,1106,2025-12-11,35.58,True
1489,1107,2025-12-29,32.49,True
1490,1108,2025-12-21,24.46,True
1491,1109,2025-12-31,37.09,True
1492,1110,2025-12-27,29.05,True
1493,1111,2025-12-02,34.42,True
1494,1112,2025-12-13,35.64,True
1495,1113,2026-01-01,23.99,True
1496,1114,2025-12-22,32.8,True
1497,1115,2026-01-01,40.79,True
1498,1116,2025-12-08,34.85,True
1499,1117,2025-12-31,35.12,True
1500,1118,2025-12-10,31.19,True
1501,1119,2025-12-09,27.12,True
1502,1120,2025-12-19,33.86,True
1503,1121,2025-12-11,29.61,True
1504,1122,2025-12-15,33.35,True
1505,1123,2025-12-19,35.18,True
1506,1124,2025-12-25,29.34,True
1507,1125,2025-12-11,36.04,True
1508,1126,2025-12-10,28.48,True
1509,1127,2025-12-19,30.73,True
1510,1128,2025-12-12,29.28,True
1511,1129,2025-12-02,29.0,True
1512,1130,2025-12-24,28.16,True
1513,1131,2025-12-14,26.55,True
1514,1132,2025-12-04,27.27,True
1515,1133,2025-12-07,32.86,True
1516,1134,2025-12-22,32.06,True
1517,1135,2025-12-26,24.29,True
1518,1136,2025-12-14,32.37,True
1519,1137,2025-12-08,27.06,True
1520,1138,2025-12-21,27.97,True
1521,1139,2025-12-07,24.95,True
1522,1140,2025-12-17,30.86,True
1523,1141,2025-12-09,31.78,True
1524,1142,2025-12-23,26.23,True
1525,1143,2025-12-22,34.82,True
1526,1144,2025-12-27,33.85,True
1527,1145,2026-01-01,31.67,True
1528,1146,2025-12-29,36.94,True
1529,1147,2025-12-21,31.21,True
1530,1148,2025-12-20,31.14,True
1531,1149,2025-12-09,34.47,True
1532,1150,2025-12-19,40.12,True
1533,1151,2025-12-30,28.13,True
1534,1152,2025-12-27,25.94,True
1535,1153,2025-12-05,36.32,True
1536,1154,2025-12-18,35.11,True
1537,1155,2025-12-28,34.03,True
1538,1156,2025-12-26,37.13,True
1539,1157,2025-12-23,39.51,True
1540,1158,2025-12-31,32.79,True
1541,1159,2025-12-05,27.04,True
1542,1160,2025-12-30,36.67,True
1543,1161,2025-12-21,33.6,True
1544,1162,2025-12-10,33.44,True
1545,1163,2025-12-18,38.71,True
1546,1164,2025-12-05,31.56,True
1547,1165,2025-12-02,32.51,True
1548,1166,2025-12-14,36.61,True
1549,1167,2025-12-31,39.25,True
1550,1168,2025-12-08,31.46,True
1551,1169,2025-12-13,34.36,True
1552,1170,2025-12-07,35.31,True
